tweet_id,split
005FKX6S,train
006OPM8G,train
008FHPOT,val
00GIG815,test
00KJ1V4V,val
00ZTHDUP,train
010O4T0V,val
016KGCQ8,val
01E100JT,train
01IF2DJN,train
01P7VZMJ,val
01WVQ80N,train
01WXDQWW,train
020KFS9W,train
027GNB7V,test
02BRQ370,train
02I27CR4,test
02R4UB8A,train
039PNLY7,train
03G7E6FG,test
03GFBR4L,test
03H9PLRZ,train
03HGEM1X,train
03HRSPUF,train
03L89F24,test
03RYUCZB,train
03VOXO22,val
040BWCKG,val
04ADSR24,test
04C8NTIN,train
04IUZ84R,test
04JF1OZF,test
04M10E2J,train
04O053VF,train
04OORY99,train
04SJ8C44,train
051I0ABA,train
053519TK,val
056L275E,train
056Y26SH,val
057QE71P,train
05C3Q22Y,train
05EKO7JK,train
05LPU5BQ,train
05MZI8J1,train
05OJ321Z,test
05ZM0O8V,train
069IDJ9D,train
06AKGKG4,train
06B6XZWA,train
06NTRUNA,test
06W9ODUR,train
070ZFKVU,train
071DYIT4,train
07215SQR,val
075AT4LB,train
075IEFZ5,train
07E3D276,train
07M7Y5JS,train
07RW6IUA,train
07S3NL2T,train
08303TQ2,train
08I5A488,train
08LKPN1B,train
08V9Y55G,train
08XMA6O7,train
08ZEX3OR,val
098URCBP,train
09B6SF4U,train
09GPK821,train
0A6YQ85K,train
0ADJXYEC,train
0AKN4MI1,train
0AP1PQMI,train
0APOAXQH,train
0AT43JXB,train
0AU4NWGK,test
0B1S5TGI,train
0B5KK0CV,train
0BDRE1N0,train
0BH6KCNG,train
0BIYFJXW,train
0BPDPZZJ,train
0BRFQ0M3,train
0CEVBOOZ,train
0CEYWSP8,train
0CJCQ46V,train
0CMWA0LK,train
0COTS8JW,train
0CUJLJYB,train
0CW8T1AU,train
0CXNZ75X,train
0CYVWO4Q,train
0D8AA50W,test
0DBRSHXP,train
0DCTR0U9,test
0DGBV99G,train
0DGQBE1L,train
0DIISIG5,train
0DJQKR44,train
0DKIZPNP,train
0DSXLZTP,test
0DU92X27,val
0DXDHSZ7,train
0EBEON47,val
0EOCM46H,train
0EPPCSFP,train
0EXGHYSA,val
0F1NWN7O,test
0F2RK1PZ,train
0F7A71K7,val
0FK706J2,train
0FMXYUEY,train
0FNNRHOR,train
0FQDYSPS,train
0FRKUYUE,train
0FUAJGTU,train
0G1OZZCB,train
0G2ZG9O9,test
0G7FTFO4,train
0GE0Y01P,train
0GJV4043,train
0GOWN6QJ,test
0GQL7OV3,train
0GTP85VR,val
0GXAFNJ3,train
0GY120L8,train
0GYLUVQ2,val
0H0RYV0O,train
0H635HJ6,train
0H6H7VDA,val
0H6VHMVR,train
0HAYPGQV,val
0HFELKZ6,val
0HGC7045,train
0HII8A1W,test
0HIN9JL6,train
0HJJUF0M,train
0HRULR67,train
0HYBB55D,train
0HZOQIBC,train
0I0SRZOU,train
0I4OZ19J,test
0ICFWJBM,train
0ICX0X6X,train
0IGTHRRT,val
0IIV1W8Y,train
0IKFVGCN,train
0ILU1TWD,train
0IQC9Q9Z,val
0IUEC7W0,val
0J229Z39,val
0J7UMAGY,train
0JG9ITML,test
0JGB7LZN,train
0JGZYSUY,test
0JI9HYA2,train
0JR6KEDI,train
0JTP29C0,train
0JW3DCYW,train
0JW4I9EZ,test
0JWCCZN1,train
0K4SDA0C,train
0K69DYUT,test
0KB351P8,val
0KD1I4GU,train
0KGXCECT,train
0KJK9HDV,train
0KKP8UDR,train
0KM1HPD6,test
0KM24I6H,train
0KPSFV9H,train
0KWVY3D9,test
0KZIJXB3,train
0L606329,val
0LC8BOME,train
0LGC1TND,train
0LNN33KA,train
0M6QPOA3,train
0M79NQIP,train
0MF3TFC1,test
0MLHICO7,val
0MPA0TV8,val
0MQU7QEF,test
0MUSBCCB,train
0MX2S48Y,test
0MZTJ23Y,test
0N2US9GS,val
0N4UIEW4,train
0NANCKFA,train
0NBMGWVV,train
0NBPDJZD,val
0NG7WLAN,train
0NS1X8YR,train
0O1B3N8U,train
0O2VK733,val
0O5G3ORP,train
0OAD2RLD,train
0OCW4PRI,train
0OEHKM07,train
0OHD7LCP,val
0OKMOOLP,train
0OZ9QXWE,train
0OZ9WEWM,train
0OZVRLO4,val
0P1N1PME,val
0P517VT8,train
0P9SW4NZ,train
0P9VL3LK,train
0PA7DKVM,train
0PIXHBGN,train
0PT06IG0,train
0Q85UUM0,train
0QQPJ1OU,train
0R0F4U06,train
0R6SCQ5X,train
0R7ZTCTR,test
0RB85XON,train
0RCGU5ZU,val
0RK2FA4F,val
0RQAE8DM,train
0RRJNNN7,test
0RS4G0HI,train
0S6Z7F61,val
0SAUAMVA,train
0SG687GH,train
0SLKX6BM,train
0SMISNSV,train
0SNXXY1I,test
0STNE2MG,train
0T02173W,train
0T1D5FZ2,val
0T5ES6BB,val
0T6VOMVD,test
0TFG741E,val
0TIFZ2P2,train
0TKUG5WP,train
0TNZWWJO,train
0TOCD6GB,train
0U1AW0VA,train
0U71H5Y2,train
0UEXAYC5,train
0UF06NGF,train
0UJKOCON,train
0UWLLO20,train
0UZ6GT8I,train
0V1VCD71,train
0V3JIAFZ,train
0V7NL27T,train
0VD2B7ZS,train
0VDVL8YO,val
0VE4NWWQ,train
0VGSJN3C,test
0VO1U7L6,train
0VOEL2IE,train
0VU4L0ZF,val
0VVAS6P2,test
0VX20OLY,test
0VXI2LEM,train
0VYN2584,train
0W5FT3J3,train
0W6S9YCL,train
0W8NBHZQ,train
0WKSH5HI,train
0WNUAJY7,val
0WVXYAX9,train
0WXLXI5G,train
0WZBPGSQ,train
0X8RDTXX,train
0XDBUFU4,train
0XHNR5TS,val
0XVFX2F8,train
0Y4GAUKA,train
0Y56ZZKS,train
0Y9PUJNN,val
0YBNDMW9,train
0YBNYN90,test
0YOU56L4,train
0YX6EA35,test
0YX8F7HR,test
0YXH01XT,val
0Z626OI3,train
0ZAC5GP6,val
0ZBP30SJ,train
0ZCVE4IT,train
0ZDX7UQY,train
0ZGTPSDL,val
0ZJEN52P,train
0ZJTA1BF,train
0ZM1909B,train
0ZNL5HLV,train
0ZSNWK0N,train
0ZVAIC5L,test
0ZZRXTI5,train
1030NC3R,train
104EGTOJ,train
10BEN0N2,val
10CGT1SH,val
10X4HYQI,train
1108S7FI,test
110GQQQJ,val
113WDTAX,train
11ESBWD1,train
11FIFOVH,train
11HQY8RQ,train
11LBFSWX,val
11LFKUYQ,train
11WKLAB6,val
11YW9J2W,train
12580XEL,test
1258AMHH,train
125JSL43,train
12JJECAS,test
12QT17XI,train
12RZWPIH,train
12XW5P24,train
1349T83V,train
13EO2HMV,train
13I4J7IY,train
13UHPDL1,train
13UVI7N4,train
13WK49EA,train
13XJAF75,train
143HKNUT,test
144L1MG1,train
1493KD9O,train
14F0MGTT,train
14FKBDJI,test
1541DOCT,train
157C5OZ6,val
15KUWQTC,train
15OFDNT1,train
15W1SV3W,train
169TV76L,train
16EO7SOO,val
16FMBRE5,val
16M96G8U,train
16S6UPL0,val
16TY1FN3,train
16Z7E1LL,val
16ZZDW9H,train
172A7S51,val
17328MVS,val
174QX1C8,val
17D6V4J7,train
17OIOO5G,train
17RFGPWW,train
17TFPAZM,test
180PYIOM,train
18D293NJ,train
18H7AONS,train
18KW2D3O,val
18UJ4846,train
18V16H6G,train
18X7KXP0,train
18Z25SU1,test
197PIM1I,val
19NCX66U,test
19RWOF6G,train
19U3LIVI,val
1A2PIZVE,train
1A8HUW5C,train
1AAAEJXY,train
1ADIMD5J,train
1AGKC42T,train
1AI0N43L,train
1AJ614SW,train
1AKIWAEC,train
1AN81XCA,test
1AWWJRA1,train
1B4K7PPC,train
1BKQUA2P,val
1CDRQCD3,train
1CH09AY8,train
1CH5CSMG,val
1CJ1GP8O,train
1CJZJTVJ,test
1CN4D9G5,train
1CR2TDJU,train
1DDIC02P,train
1DQVUN6I,test
1DR6ROZ4,train
1DRUDPI3,train
1DS6IBLZ,train
1DSPJQAP,train
1DVJ4M7F,val
1E4D5LL1,test
1E4DQ5J6,train
1EJ1LR2N,val
1EKWOYCC,val
1EVVXZ0O,test
1EX58PXM,train
1EX82GGW,train
1EY7ULCR,test
1F3GJLD4,train
1FHHAN1M,train
1FIQUU22,train
1FKI0G8X,train
1FLHBFK9,train
1FR4C9LC,train
1G5X7MV7,train
1GCFIIGL,test
1GFTEAEI,train
1GJ8U82I,train
1GMZ4UG6,train
1H049N7V,train
1H2FO31P,train
1H2GPWIS,train
1H93JHGG,test
1HAAE30T,test
1HEGC749,train
1HIUBMHC,train
1HXQI3OC,train
1I11X2Y3,val
1I2Q9IH0,train
1IA7RSSI,train
1IFBGL6Q,train
1IFVRERY,test
1IK8BN7T,train
1ING3AF5,val
1IRWQUMT,train
1IVZSNVL,train
1IZMRNTO,train
1J7MSN4U,train
1JDU0JO5,train
1JKXZ0V5,test
1JNX1LIJ,val
1JP9A3RK,train
1JQSXNIO,train
1JYXTZIE,train
1KAVNQ0L,val
1KPI1VW1,train
1KS5WECC,test
1KTNXJ9Q,train
1KUXLE4A,train
1L2FN6DG,train
1L2M35DZ,train
1L3MSXMX,val
1LFC2CFS,train
1LO0E2X3,train
1LPAQQFX,train
1LPFSRBK,train
1M5SRIMU,test
1M97HWGC,train
1MDPXF3Y,test
1ML1LUUS,train
1MLTC83N,train
1MVMJXF6,train
1MYCTX9L,train
1MYX55KC,train
1N935YQK,train
1NHHRL0A,train
1NL2HOZ8,train
1NP2A4RJ,train
1NW17PDT,train
1NWYLY3B,val
1NZWYE94,test
1O5PF569,train
1O8JRVT8,train
1OBKVV7F,train
1OKPMDPX,val
1OO47PGW,val
1OOQIAC3,train
1OS5DHXG,train
1OUPJ4YL,train
1OVDXIKR,train
1P0WWJFP,val
1P0YHE4C,val
1P32OKU1,train
1P7VBHO0,train
1P9C1U23,train
1PPJUPKO,train
1PWFH3U0,train
1PZ2IC8Y,train
1Q3JRCVK,test
1Q5Y605G,train
1Q6SW5M3,train
1Q9ZT9ZI,train
1QABI7IR,train
1QC0TOIT,train
1QFLESAB,train
1QRD278U,train
1QU492WL,train
1QVZ9C7J,train
1R8N1ZSW,val
1REXX76X,train
1RGCQA68,train
1RM41J45,train
1RP0D1KO,train
1RPYJG4F,train
1RQYE1K9,val
1RY2U2T8,train
1RZ5O9YX,train
1S475P7F,test
1S8DJ6OE,test
1S8QNGU1,train
1S8T5KJG,train
1SAYX3PS,test
1SDZNV2M,train
1SJI72B5,train
1SLWPL0A,train
1SOOUZXL,test
1SURAHL4,train
1SVJ32BQ,train
1SWJXN71,test
1SX8AIWA,train
1SXFEBIH,val
1SXSRSGH,val
1T3Y59WD,train
1T5BM6UT,train
1T7SREY5,test
1T8067AG,train
1TI13L1W,train
1TIDQ8T3,train
1TQ2JC79,train
1TW3R4J5,test
1TWXE28D,val
1TXH0Q39,train
1TZU4WEH,test
1UCY6JWW,test
1UK0SGN2,test
1UKO0N84,test
1ULAOBVT,test
1UNPH66S,train
1UQBJ4OO,train
1URB5WX6,train
1V2ZW3GC,train
1VR20SK2,val
1VRW4HCA,train
1VVWG6TN,val
1VWA0ZJ0,train
1W42V0PG,train
1W4AH3GQ,train
1W7CNW8B,train
1WATQGLQ,train
1WB2QSFG,val
1WBQGP7K,train
1WODJ3Y0,val
1WRVUDIQ,train
1WS1R6E2,train
1WWST9AV,val
1WX3F9L8,train
1WXNUXS3,train
1X64ZQD0,train
1X7NJIQI,train
1X7UT25Q,train
1X9Z6G9P,train
1XF1SUBC,train
1XOW1VLX,val
1XTIR5Y0,train
1Y0WOMK1,test
1Y2ENLL6,train
1YGNGCIU,train
1YSTIVQH,train
1Z3YVWO4,train
1Z5SMVTO,train
1Z9SGB1Q,train
1ZADWZFU,val
1ZBQUK9W,test
1ZF3CZGZ,train
1ZFTN6RZ,train
1ZHD8N28,train
1ZIVV3C5,train
1ZKEA4EG,train
1ZWVVRE9,train
1ZXRGZRU,train
1ZYE9W2C,val
1ZZ24Z1J,train
204TR0US,train
20915771,train
20FC9DJG,train
20IA999R,val
20KX6K2D,train
20M3ME93,val
20NBVOSW,train
20PTYRWV,train
20Y27492,train
20YROPBZ,train
2111FMRJ,val
211BIYYA,train
215ODCPC,train
21EH7CK4,train
21HVF69Z,test
21JFVNS8,train
21JTHRTZ,test
2205WEVQ,train
221GFCPP,train
226KABJZ,train
22DV0IH8,train
22GKOE2K,train
22LXE6HT,train
2350O3NJ,train
2359HKBQ,test
23BRK3YU,train
23F4RGWO,train
23LM5CZR,train
23MHUE8S,train
23VVDQ96,train
23WURZ6E,val
245MGZAO,train
248BX936,train
24A3CSKZ,val
24HGSJF6,test
24LEZM4K,train
24M8DKUY,train
24PG35M6,val
24V6P434,val
255FB0Q2,test
255N6OVG,train
25AH4F5K,train
25E649I8,train
25GX56ZH,train
25MG3GQ6,train
25NG74YO,train
25VWWYOX,train
25X23TT5,train
25ZWWJPP,val
260TCNJO,val
269UPV11,test
26J3UNYV,train
26KW1EK6,train
26PNSJFC,train
26UKG40M,train
26YYN5DT,train
278Q453X,train
27A0R7XM,train
27CJ1FFI,train
27J1ZUGO,train
27WM95S4,train
27XITAUW,val
27Z88MOC,val
2869G0F7,train
28ML9L3Z,train
28MWBAEA,train
28UTILMU,train
28V7DAYA,train
28VFX8X5,train
28VY8JRG,train
2904XV9G,train
293RXJ8Q,test
2976IIYE,train
299COBVF,train
29JJPRNE,train
2A4SF4K7,train
2ADVM2U8,train
2AFA5M4B,train
2AIPSK55,val
2AL5JUM6,train
2ANIVK6Y,train
2ANZSUT7,train
2AP0NRJE,train
2ATEULFO,val
2AX9LC8G,train
2BB6U4OJ,val
2BDS0MHH,test
2CDLGZYN,test
2CISWC47,train
2CL09QXQ,train
2CWJQ23X,train
2CYKLQW3,train
2DD1OM1Y,train
2DD250VN,val
2DNX45F4,train
2DXGXODS,val
2E1PJFH7,test
2E3NN1N1,val
2E3XSDAR,train
2E76EPRM,train
2E9VFZQB,train
2EP6N4RD,train
2EQMISHU,test
2EWLFTIX,test
2F2H3TE2,train
2F98OFNG,train
2FDUEJ4F,train
2FJESL6L,train
2FVH9MQX,train
2FWXIYXY,test
2FYQHWD3,train
2G0LEG2I,train
2G56ZWY1,train
2G8HSI22,train
2GDISYG8,test
2GJSL8KN,train
2GLWULVO,test
2GU4H90P,train
2GVOHR52,train
2GWIBOSF,train
2GX3B4OI,test
2HAPDO1G,train
2HKUTYWM,train
2HOYSY0P,train
2HPREIKB,test
2HPWG76D,val
2HXQ09IN,val
2I0S17O1,train
2I9VRFBS,train
2IBRYWBQ,train
2IDLZUC8,train
2IGZJWZ6,train
2IN4FZ1W,val
2INFYWUL,train
2IP605V9,val
2ISMBHFK,train
2ISR8LJT,train
2J1D9LJP,val
2J3KVQ5J,train
2J7T5N3F,train
2JBHSYO3,train
2JL3CJAJ,train
2JNH6J97,train
2JWMLIDH,train
2JYSL2PV,train
2K8H3E28,train
2KMLJS05,val
2KULUL2G,train
2KXTISSK,train
2KY0LEQD,test
2L4U74HE,train
2L5FZVG6,train
2L6VTPNG,train
2L83FR5G,test
2L97VVK9,train
2LEWGWGW,val
2LGVOESB,val
2LK0E78K,train
2LNRNW99,val
2LRJARHD,train
2LRU8AHC,train
2LS32939,train
2LVXDTH9,train
2LYUPQMA,train
2M1HH624,train
2MH0OIYF,val
2MOZOBQJ,train
2MQEQZN8,train
2MRGMMNU,train
2MZOCI0M,train
2N4XZ2WE,val
2N6FLVEX,val
2N6Z4BTY,train
2N8BW32H,train
2NDKAKYZ,train
2NHTUAVZ,train
2NHVWZ80,train
2NIZJ6D0,test
2NJGTQES,test
2NO81KG5,val
2NOC9XRG,val
2NSMUT8D,train
2NW6RIPT,test
2NX2QR1Z,train
2O0KV8UY,train
2O16BNX9,train
2OCNSYQ0,train
2OCZT073,train
2OGWZTSF,train
2OQGH5M7,train
2OS3ZP51,train
2OWWLUOK,val
2OZ814C8,train
2P1WZ3SV,train
2P3OHV1G,train
2P71VQLT,train
2PAVW2IE,train
2PB2WCUP,val
2PIFBRXW,train
2PMX8G4C,val
2PP5CW2R,test
2PYBDIRW,train
2Q1QH6JI,train
2Q49ZLUK,train
2Q4U4PDE,train
2QAOYO2I,val
2QE9HCAW,train
2QK6T0YW,test
2QTO6YDI,val
2QUGX019,train
2R16QPQM,train
2R5OGXRX,train
2RE3H85Q,train
2RJWXS2V,train
2RK8Z86X,train
2RKFX9VQ,train
2ROANG6A,train
2ROTNG2K,val
2RYG8GTY,val
2S526GF1,val
2S7NLF0Y,test
2SBVUQ9L,test
2SDPRLOQ,train
2SE4MPDM,test
2SOKMIKX,train
2SQMPYEB,train
2T157TUW,train
2T642NYZ,test
2TCPUT1S,val
2TKR7T1L,train
2TQE30BQ,train
2TRCI5Z4,train
2U2EL5QS,test
2U2MBG4F,train
2U7SOWGQ,train
2UC4W4TW,test
2UHI3UXH,val
2UV0MS6C,val
2UV8XDGK,train
2UVRJ119,test
2V9TTSAI,train
2VOUL8US,test
2VQNE3EC,train
2VW3QD48,test
2W171AND,train
2W4ML17D,test
2W63JEXZ,train
2WBEBQBD,train
2WHOT3L4,train
2WJNFNTG,train
2WKOIGF1,train
2WO6WA7H,test
2WOWQ3C3,val
2WUE4437,train
2WUXYNEV,val
2X6HSZUI,train
2X6TSEUA,val
2X6URRL7,train
2X7JHAOQ,train
2XC5MO9N,val
2XFFDIVQ,train
2XKS4CGM,train
2XLTND4M,train
2XPS2PFO,val
2XTRYK10,train
2XVCMHTZ,train
2XZS9EL5,train
2Y0PJMKY,train
2Y39NLHP,val
2YDEUNDE,test
2YF26S2J,val
2YMJFN8N,val
2YPCEL82,train
2Z18XKQW,train
2Z8J4QJ8,train
2Z8U15KG,test
2ZKY40IS,val
2ZKZKPAV,train
2ZMJG6A4,train
2ZMMS75D,train
2ZZCHGZG,train
30308UMI,train
30CJJCGP,train
30DFEEXA,train
30E803AY,train
30FUT3IC,train
30FY941P,test
30M84BJR,train
30NXAMCK,val
30RX7ENK,train
30X8OK8M,train
30XGC1RF,train
30XHZJRO,train
314AHKOF,train
316XV4QA,val
31C9X43I,test
31HN7Q87,train
31KMBFHN,test
31NLZEXX,train
31OBYBEP,train
31X12NZ4,train
31ZFRPS7,train
322KN3Q9,train
324AS3S9,train
328A2D2Z,test
32F6RLNB,train
32GR9QFA,train
32N8XELR,train
32NCPMWO,train
32R7T0AV,train
332SHXVY,train
3331KKTK,val
337ANZY9,val
337VLJ72,test
339P2WMK,train
33HSQFAQ,test
340LO6U3,train
346I96LE,train
3485QC7A,val
34KKL8ZV,train
34LC3KH8,test
34P1UVEN,train
34UHCKFI,val
34XPUMBP,train
355LF745,train
3598PITG,train
35FNMDZ2,train
35H36EY6,train
35IBZC58,train
35Q7SA5U,train
35QOIV2M,train
35VBKPR5,train
35Z3HT95,train
3602OHX1,train
3643JGL7,train
36DFUB65,test
36KZG020,train
36SE17EW,train
36TOAZNJ,train
36UGMXSJ,train
36UXUVR9,train
37381CK5,train
374PTZ3O,train
37ALYVXV,train
37FCYW67,train
37FHPXFS,train
37GAK632,train
37J5K18B,train
37KU1N17,val
37QRVTCX,train
37XIUWO6,train
38257K62,train
388E7E9I,train
38CYL73R,val
38EDVJC5,train
38GPOXGD,train
38HBLYRV,train
38J1FDAQ,train
38PSLZ6Z,train
38Z4VXHR,train
395RZAIO,test
397KZ8J7,train
39CT5UPM,train
39EE91VG,train
39GLUHIQ,train
39L91MUE,train
39LZM4FP,train
39MQEG7E,train
39NKFE80,train
39OMR1UT,test
39RJI5QQ,train
39SEB27N,train
3A2USUJD,test
3A82YH5A,test
3A9HEBML,val
3AAIGFT9,train
3AE4YAAP,train
3AHJ1R4H,train
3AM7OQA9,train
3ASFIH3T,train
3B6920U3,val
3BDVI80J,test
3BJ5P3QJ,train
3BKPAFFR,val
3BMP2OMZ,train
3BPMWA2D,train
3BWLQK25,train
3BYSVISE,train
3C890BBD,test
3CC7WYOV,train
3CLGX8ME,val
3CM9P1N2,train
3CTA81OZ,train
3CX11513,train
3CZUF3I9,val
3D2WTNAK,val
3D4VIQZW,train
3DLRK6OR,train
3DP4M7JX,train
3DQ0XA8P,val
3DQ1VBHV,val
3DX4HUOZ,train
3DZLTZL1,test
3DZVOT04,train
3E6CFUKQ,train
3ECBC0T5,train
3ED5UTI2,test
3EI0QA4D,train
3EKROUU6,val
3ER0L589,train
3EY12B3X,train
3FCHQAOV,train
3G0XX9CN,train
3G723LI3,val
3G88ND5Y,train
3GBNQ2TR,test
3GDBNATS,train
3GDCIKCQ,train
3GDZGY35,train
3GVVXT22,train
3GZABLLW,val
3H3FPQ3U,train
3H54OB3R,test
3H5FZZFC,val
3HCH8UQQ,train
3HESICPC,train
3HK00VJ2,val
3HKTRGDL,train
3HSMM8U6,val
3HT6ALUI,train
3HVWLY3V,test
3HWUSXHQ,train
3HZ8879T,test
3HZA6W4H,train
3I6TTRCJ,train
3I78QGQH,train
3IMOVNVJ,train
3IZ7YCC3,train
3J6QPIX8,train
3JEANT6Z,test
3JIGHCN1,train
3JKU81QO,train
3JMMEG5O,train
3JZNLHA9,train
3K32N7C4,val
3K7PDQKY,train
3K9D06VA,train
3KGWCZZA,train
3KTA1WCG,test
3KWQKP1S,train
3L0B5XNW,train
3L7XW0V8,train
3LK0T9X6,train
3LORGI2C,test
3M04F4GY,val
3M07O2A6,train
3M0CCAXD,train
3M7XEYWB,train
3MC0MQ20,train
3MSZF562,train
3MWLIAFR,train
3N095LV3,train
3N3JYDIK,train
3N49SV67,train
3N8L2YY4,train
3NDC3GPQ,train
3NFF69L4,train
3NGXN5WD,train
3NIDX4VP,val
3NJACDTA,val
3NJEXM9H,train
3NNAWU90,train
3NNY519D,train
3O395CT0,test
3OIQAV5S,train
3OMN5PG3,train
3P1WG58V,train
3P3KPU7W,train
3P7DLPLR,test
3PDBHZ1N,train
3PGI15IL,val
3PK5UHFM,val
3PN9P15B,test
3PPJS94K,train
3PQ7KBKQ,train
3PS1L4M4,train
3PS9RFIV,train
3PSZGMMG,train
3Q0SRIR9,val
3QA8YFYE,test
3QBK3ZJW,train
3QCBNUBK,train
3QIFIJAD,val
3QJ27VJM,train
3QJ6UU9P,train
3QNEVLQS,train
3QWCCVBP,train
3QXON1VC,train
3R2E2J9Z,val
3R3JEYKE,val
3R479UNJ,train
3R6VQRLX,test
3R7L52PT,train
3RC3UM24,train
3RGVOQ27,train
3RS4NWC3,train
3RVCLCIW,train
3RZ0WN0S,train
3RZ6W5QQ,val
3S7RIMFZ,train
3S7SN11B,train
3S9O3VEV,train
3SQM0TTI,train
3SRKUILW,train
3SW380CP,test
3SY97LR5,train
3SZD73DG,train
3T0S2VQV,test
3T3QSWNF,val
3T5C83NB,train
3T7O85CX,train
3T7RCSNA,test
3TACTSBI,train
3TKTMGIH,train
3TPSHVP5,train
3TVKOS7H,test
3UBABQMV,val
3UD7JY0A,test
3UEW5BNP,train
3UODZT8L,train
3UP17TN1,train
3UQ3D3S1,val
3UU70G2M,train
3UUA4YUX,test
3UYKCXYX,train
3V0BQLDG,train
3V7G1ZCY,train
3V7PSM0X,train
3VND7OQT,train
3VNT89RM,train
3VVX6EP2,train
3VXL17SI,train
3WC0B8AG,train
3WGRINGD,train
3WHZTXFP,test
3WKSLNGX,train
3WS4IOEO,test
3WUHQ770,train
3X4HVYVF,val
3X59FI7E,train
3X6JBU5K,train
3XGI0VY9,train
3XUJ3H9K,train
3XWG015T,train
3XX2H1YP,train
3Y11LY6J,train
3Y3474EB,train
3Y5YOWLW,train
3Y7FV224,train
3YIETOB0,val
3YW6DMOG,train
3Z2QVU7K,train
3Z6HP2QJ,train
3Z6QLUJJ,test
3Z7BRB66,train
3Z85T42T,train
3ZFOS70O,val
3ZG47PDV,train
3ZIBRY08,train
3ZJA38P0,val
3ZK67VH6,val
3ZK9ABQG,val
3ZKJCQYV,train
3ZN0PVXQ,train
3ZP3DLOX,train
3ZSOXED0,train
3ZT821V4,train
3ZWQEP29,train
3ZYZ2KRH,val
401SAMMK,test
4037U631,train
405KYAFH,train
407YJPF3,val
40MX3BP9,train
40NPN41T,val
40ZKVYM1,train
415ZU245,train
41A0C3ZT,train
41HCR431,train
41N4VVH1,test
41P7Z7YV,train
41QFEV7F,train
41URLZBO,train
425UZ9YT,train
42EQ6PQO,train
42GBO6DX,test
42LB3LQY,train
42LGVV5E,train
42NYI5TM,val
42RI5W8N,train
42X2QT8A,val
42XGM3E5,train
4354UU3O,train
43HES55Q,train
43K9ETFQ,train
43MWGI00,val
43ZLAFUJ,train
4478WQ2B,test
44DGTCM2,train
44G1WIPG,train
44I3PINC,train
44ISVVWW,train
44O8IGOD,train
44UTY8F7,train
44YOQ7AG,test
44Z8I5TJ,train
44ZFJ0SM,train
451MWPD6,test
45713W18,train
459RL2NS,train
45CFKMED,val
45CP42PH,train
45PYS286,train
45W4QN7O,val
45XX1V3T,train
4610BA2G,test
462MB89E,test
4697XCQE,train
46HB0RNG,train
46K4OLJL,train
46X020X9,train
47C08RKI,train
47FC9FHE,train
47JG4EVY,train
47ML6NVS,test
47Q9YTQK,train
47TE5B4V,train
47XYNJQO,val
47YI0QGF,train
48E5UV4A,train
48LHYE0I,train
48NGIEK4,val
48WW06C8,train
499Q2ZDI,train
49H88U2J,train
49RAVDCK,train
49WKZAR5,test
4A9CKV5C,train
4AD1Z3AA,train
4AOMS1YW,val
4AUJUYP8,train
4B1AYSOA,test
4B8WVRMQ,train
4BAXMG9M,train
4BCCSCNP,train
4BE7GMJL,train
4BL7DG4D,train
4BRFWOTX,test
4BWG3QKL,train
4BX1RW0C,train
4CGUXCJD,train
4CZMVDYI,train
4D4088QE,train
4DDXUBJU,train
4DLL35UM,train
4DXPZAAZ,val
4DY89KFH,train
4DZ8V88B,train
4E3Z1TLC,test
4E4HE6FF,val
4E5N4V80,train
4E61PQI7,test
4E7INFMQ,val
4EAF4EM7,test
4EEDH0NQ,train
4EG7BRJU,test
4EO8JMLR,test
4EOJAZJ2,train
4EQYFGEA,val
4ES5EFJV,train
4EX5G8Q0,train
4F3XQO7P,val
4F9ZQMF8,train
4FIENE7L,train
4FMOJZM8,train
4FV2DA2Y,val
4FYFWPC5,train
4G1L7SCK,val
4G2E5HP0,val
4G3CSIKY,train
4G4NC6OM,train
4G89WQE1,test
4GAJ5FEQ,test
4GF1O6QE,train
4GHZ1DJI,test
4GKG3C1Z,train
4GOBS3NO,val
4GQ4M6HI,val
4GTJJQNP,train
4GWYDZG2,test
4H4KQT3W,train
4H749UB9,train
4HHDQQ9D,train
4HM0G20W,train
4HPRNLHP,val
4HV971QJ,train
4HWFYXPT,train
4HYSHME7,test
4I7CQTMQ,train
4I95AF1W,test
4ICMWJ5D,test
4IG0ZPHX,train
4IIKQDEI,train
4IL5BB74,train
4IPXYBBA,train
4IU84GUE,val
4IV0J6VD,test
4J49MFLL,train
4J9DFLTR,train
4JBYLCQX,train
4JMPQEC5,train
4K0UPNAZ,test
4K4V5GW7,train
4K5MBYI5,val
4K7UCUB2,test
4KAK1RIO,train
4KEP2GOM,train
4KH53KQD,train
4KTSCO07,train
4L1SENXW,train
4L2AQAHT,val
4L9TROOW,train
4LMD485R,train
4LT6FG7X,test
4M3JYKNP,train
4M3ND9L9,train
4M3XXX10,train
4M946ERZ,train
4MH3WYJG,train
4MOB7009,train
4MODABFN,train
4N2NF4XU,train
4N839LR7,train
4NEGI03I,train
4NIB06CX,test
4NPKOGW6,train
4NQA1L0M,train
4NTMMPFN,train
4NU3JJCE,train
4NXCHST8,train
4O1BWRHV,train
4O4K1KKO,train
4OIDGN9D,train
4OITSN2I,val
4OOFQ3KB,train
4OOKZNQ1,val
4OZE54Z3,train
4P0897O3,train
4P3HC0JK,train
4P4GTEFV,val
4P5B2ZQM,train
4P6E4HAS,train
4P8TQQY3,train
4P8VVUGW,train
4P9064YH,train
4PANPBEQ,train
4PGZQMWD,test
4PKWV0GF,test
4PVYZ6WX,train
4PYNM3S2,train
4Q1ROWZD,train
4Q5OF3J6,train
4Q96CW32,train
4QG6TAME,train
4QHOA0XM,train
4QVHV3YH,train
4QXTTCV3,train
4QXWTMF3,test
4QYN15Z1,train
4R0UCZKO,test
4R2WLOLE,train
4R3LS61Z,val
4R7B85VB,train
4RBXLDWO,train
4RIRAA5G,train
4RLXUHFF,train
4RTHHAAM,test
4RXSVAAG,train
4RY7SDE9,val
4RZWXWTM,train
4S2I8PPD,train
4S2NEXMQ,train
4S5GOZX6,val
4SAJAII0,train
4SBHIJT2,train
4SEQ6P80,train
4SERFCJ0,test
4SQ923GR,val
4SQXGFC5,test
4STVF83A,train
4SZG10CO,train
4T8SOC3I,train
4T8YLHGA,test
4TB3WUB5,train
4TBYF9RM,train
4TGFM4S8,train
4TVTM2Z4,train
4TYD5RFJ,train
4U8OB25X,val
4UA3P8X4,train
4UF5LWRU,train
4UG3NAO9,train
4UM8G5OE,train
4UT33AKW,test
4UWICAV6,val
4V2DABZV,train
4V5E1DPI,val
4V8YDZY3,train
4V9BVF4Y,train
4V9ESLN8,train
4VBE2X8L,train
4VCQO97L,train
4VGCVJ1O,test
4VJM2UGH,train
4VNLUUVA,val
4VNZQLJM,train
4VU7LZRU,train
4W2K6FAQ,train
4WHBVH8E,train
4WJL05GX,train
4WMYJUCS,val
4WQ86R6K,test
4WUBBSCM,train
4X1OTJFH,val
4X3VQ53B,train
4XG9HF7K,test
4XJ45VKT,train
4XJJ54GG,test
4XKEXLI2,train
4XKLST95,train
4XLYINGN,train
4XTZJQ8N,train
4XXO8DPW,train
4XZ80CUS,test
4XZA7PS9,train
4Y2XPEHH,train
4Y75EP2E,train
4Y95CYBY,test
4YFLRCX0,train
4YI1WVQ6,train
4Z02SWJL,train
4ZB2C6C1,test
4ZBMQ741,test
4ZMP6HXJ,train
4ZXFJEEX,test
500UVF6L,test
5067CG2A,train
50BVKXCU,train
50DH1ELM,train
50E5I79A,train
50EBFN10,train
50QNF5B0,val
50VAUI9L,train
517OP4VW,train
51CSK83R,train
51HDUW7X,train
51JZ96SE,test
51NNQKTB,train
51TJSLQO,test
51YACF7K,val
5229NB7G,train
523D4S4U,val
5265IEA9,train
5268Y0AC,train
526ZYCPA,train
527SGBZ8,test
52BCN81O,train
52FN9T1J,train
52J98UTY,val
52K1GGUD,train
52NO8CBB,train
52UR71N6,train
533JPEMS,train
539A9KZW,train
53FMM3C5,val
53JGB6WO,train
53O37ZPY,train
53Q49VRW,val
53U8XL4P,train
549IGG3X,train
54MM7AJE,test
54NSXY4J,train
54PR9JUA,train
54PSIWOC,test
54XV8XWX,test
55327980,test
55954IFA,train
55H58HIB,train
55UNUZ3N,train
55Y1WQJF,train
56462JDP,train
566JHBTW,train
568D4DIW,train
56BXRT2O,train
56GU2QFM,val
56IJ4OZ9,train
56MCRS4R,train
56MMCJSN,train
56PZ723Q,train
56UHVHUA,test
570IZMNT,train
579EJRHS,val
57LO38LJ,train
57NP3UAQ,train
57Q7SY19,train
57TZ5CF6,train
57ZIT7C9,train
588KW8QS,train
58915FB0,train
58E54FP9,train
58G8VI7V,train
58I102GY,test
58IB1OPO,train
58TIG6CT,train
58UHNH9B,val
58VIK8YD,val
58ZMK3F6,train
58ZR9CM0,train
590XNEZQ,test
5921FLPJ,train
592B64M1,train
593ZI0IY,train
594HQODG,train
594YU842,train
5951VMFY,val
59FMV4QJ,train
59IIKZ5R,train
59IUX74F,train
59NY55RM,val
5A7N0BDA,test
5AE62YB1,test
5AGCUKS4,train
5AGVY5R9,train
5AUQJDI4,train
5AZEG3L4,train
5B6JMNT0,val
5B8M8HTE,train
5BAB51KU,train
5BDRFHHL,val
5BQTC5UC,train
5BWOJ7QG,val
5BZYEXAB,train
5C3M8ZXL,train
5C5LQO5R,train
5CE19OXB,val
5CGHUA5I,test
5CHABS97,train
5CIAVC2V,test
5CLKJR99,train
5CPYGDF6,train
5CS4DSQO,train
5CS6C999,test
5CT7X0CB,train
5D4P6MVL,train
5DC3F07E,train
5DH04KLJ,train
5DIUYOPZ,train
5DPHK0CX,test
5DZZ2MND,train
5E4HUHZU,test
5E6K6TMU,val
5EB4TLD3,train
5EBJH69O,val
5EF0D6D5,train
5EFHE0JM,test
5EHS4WL1,train
5EIPNJ8O,test
5EM6YHY6,train
5ES54ZFG,train
5F1BDFF0,train
5F6XBUSN,val
5F7VKMK9,train
5F7YROUI,val
5FHLPXS3,train
5FICIUVB,train
5FLMHESC,train
5FQDMI6G,test
5FZ4WQQ2,train
5G4PTVA0,val
5G4WTO9D,test
5G8T012M,train
5GJLGF7I,train
5GLNLXNT,val
5GRH6V1A,train
5GUC03DR,val
5GV8NEZS,test
5H592282,train
5H6VJWOS,train
5HDS7853,test
5HOY9TVL,train
5HTOE6GV,train
5HY6756R,train
5IF3TGGA,train
5IHX20TB,train
5IMDCDN9,train
5IMDGIYS,train
5IMTY6RT,train
5ISNLRUX,val
5IVT6GLB,train
5J2Y67ZQ,train
5J502871,train
5JDNEDS1,train
5JQOGUML,train
5JXX0EHN,train
5K6RMU58,train
5KBUFAOT,val
5KDOWBMS,train
5KJ6SF8X,train
5KPYIWGF,train
5KRENYTF,test
5KSIYX0C,val
5L54CBEF,test
5L6YJYIT,train
5LG083IG,train
5LHW5IMM,train
5LYUD3C3,test
5M2D9IFR,train
5M4KP51N,val
5MM2WID1,train
5MRXKXK7,train
5MS1BTJI,val
5NF2APKS,val
5NNOIQCE,val
5NUO7CDD,val
5NUQRZOC,train
5NVGPWM1,train
5NWFQKQA,train
5NY5UVX9,train
5OCE6HE5,train
5OGDH7P4,train
5OYJUZ64,train
5P4LF324,test
5PA1ENQB,val
5PAJSRQW,train
5PECT065,val
5PYQ5GY8,test
5Q22GRCS,train
5Q22T6GW,val
5Q5NVOMH,train
5QCWOL54,train
5QHZ1JPF,train
5QJFQR3G,train
5QVP0CBQ,train
5QW8YZ6F,train
5QXZAR1S,test
5R3D7R2M,train
5R3DXHKO,test
5R4MLMAP,train
5R6ZV7DJ,train
5RERYYFG,val
5RYXMTHJ,train
5S1HWIN8,val
5S6FH2BP,train
5S9QXBJ2,train
5SDX984X,train
5SHFQSLP,train
5SKJDH44,val
5SSYX7E6,test
5SWCFGWE,train
5SWIJ4BF,train
5T0UQAG0,test
5T7RMAPZ,train
5TCMWKRB,train
5TLJLMJD,train
5TM7O1OP,train
5TQ9GMTR,train
5TTEQHU9,train
5TXK6SNE,train
5U2S8RPI,train
5UBE3XOU,train
5UDA3MRE,train
5UEHYKLW,test
5UHKNT8V,val
5UIMWY4K,train
5V1JT52H,train
5V4DLHU4,train
5V87DVFI,train
5VG5K96I,train
5VJPD95Y,train
5VPCNSY1,train
5VPTC5UL,train
5VQJ5IJ9,train
5VVXFCWQ,train
5VY29577,train
5VYFKEL9,val
5W3QRX9J,train
5W4GZTQV,train
5W89XGF4,train
5W9ZSU2R,train
5WEL81UF,train
5WGIK7IU,train
5WTYO17K,test
5X2WREPX,val
5X6D5YRL,train
5X6OQLEQ,val
5X8DRSSS,test
5XJRL17K,train
5XM5CHYW,val
5XPZ28ZL,train
5XRJAW8W,train
5XTRWZ1G,test
5Y0FSD6N,test
5Y2YJJ6H,train
5Y8A829P,train
5YAVMWBC,train
5YE3PZWR,train
5YEAU0HT,test
5YHA1GVE,train
5YUBKZVA,train
5Z9RLTYV,train
5ZE8KS2V,train
5ZFIDPZX,train
5ZIYQ4PX,train
5ZJ5H4P9,test
5ZM22PK4,train
5ZQ05RLZ,train
5ZS09KKW,train
5ZSPNNG6,train
5ZUVPLX5,val
5ZVQNBPH,train
5ZZWJD42,val
604HIJ1U,train
606B0L6F,train
6074VZVV,train
60HI9JU4,train
60IPMTIH,train
60JJ9VK5,train
60NDGOPA,test
60PBZSJL,train
610WUDYE,train
614ZTSVK,train
61DWTBMO,test
61GG3GRF,val
61MCHC63,train
61NDOJJN,val
61OAIAOX,test
61Q638IM,val
624M28GZ,train
62CUPZ30,test
62HV1YPG,test
62JA106J,train
62K1KSQC,train
62MRY6EZ,val
62YIMS1W,val
62ZFDP1H,train
631QQPK3,train
632C8GTV,train
634EGXG2,test
638A7JAL,train
63AG3W2Y,val
63DW3AZ0,train
63LTIM9O,train
63OMFVK7,train
63R7S0A3,train
63ZIK6WB,train
644FYRT7,val
6487CMZA,train
64FTIZVN,train
64FUQOCZ,train
64JNSMFA,train
64LJ7WNW,train
64NFK441,train
64NLJYBJ,train
64SFNMMN,train
64WCY6K3,train
64YXCCYT,train
6521RWR3,test
657QS260,val
65FZYH4H,train
65LY6B7B,train
65MGD5ZH,train
65NNFTJT,val
66ATQAIS,train
66GXCXNL,test
66IHP37V,val
66RBXKJM,train
678LAYUS,test
67J8K8W9,train
67JCO5VK,train
67SUW6IN,val
67YGUFZ2,train
67YVZT6F,val
682PDH0O,train
683NG5M8,train
683WCT0I,train
6858YUYX,train
689ZI3NQ,val
68BTDX0U,val
68SGYYBE,train
694KSQAQ,train
694MZ1UI,test
69FSGX65,train
69I3AWU4,train
69IHAA6H,train
69J5C3VI,train
69L4AX6A,test
69QSO6A0,train
69YG0WX2,train
6ADTF2SI,train
6AIDZ54S,train
6AR09H43,val
6AUOGY3Z,val
6B7A0EFI,val
6BQJDAJJ,train
6BU87UC8,train
6BWDELA5,train
6BWI89ZZ,val
6C7INV7W,train
6C8RSWSX,val
6CEGGYR0,val
6CLNULES,train
6CLOAT0H,train
6CN3BDLW,train
6CONZPZV,val
6CUZZWYL,train
6CW5ERN4,test
6CXSFESI,train
6D03MEDF,train
6D056SVN,test
6D17LVF5,val
6D1G0D7H,test
6D2L6C2G,test
6D3OIPOM,train
6D5FHX2C,train
6D8T6DKC,test
6D92OYVN,train
6DA0UUI9,train
6DJMR5QU,test
6DKPF7FI,train
6DL4TOHW,val
6DNV5HSI,test
6DOA90F4,train
6E23NCDO,train
6E4KZTPT,test
6EARJHLO,test
6EP73PSR,train
6ET7U0Z4,test
6EVJNH4L,train
6EZ07OJU,val
6F7GPF0X,train
6FJ9CGIW,test
6FN2DYI7,train
6FQUNAM9,train
6G6N5ISG,val
6G6YTLFY,train
6GJBM22D,test
6GPE5NLO,train
6GPIJOD2,train
6GSY7LX7,val
6GV1DSNP,train
6GWXJRB5,train
6HCHS4CK,train
6HGQ3H1M,train
6HIXJ7TP,test
6HJ2O0XE,val
6HX5K3RE,val
6HZ09BUE,val
6I4YB3F2,train
6I78FXAD,train
6ICFBSHQ,train
6ICNWCYT,train
6IKFOV7C,train
6IRHBGQH,train
6IWQMGQY,train
6J04QZ1W,train
6J4GFNRW,test
6J8D7INZ,train
6J9D8Z0J,test
6JC80XN3,val
6JMA1VVU,train
6JPK7RFF,train
6K4SSHSR,train
6K8K9EAP,test
6KDGLJ5B,train
6KO2SATY,train
6KSYLLCH,train
6KTFM51Y,train
6L7I1E9W,test
6L9SZ1A7,train
6LANCD10,test
6LB9FGRY,train
6LLRQRZ6,val
6LUVGS2A,train
6M03JWPQ,train
6M4VLZTF,test
6M6M1MVH,test
6M8EM4GM,train
6ME31D4L,train
6MGQ8HEG,test
6MKACF23,train
6MXGGSBW,val
6N04RPZ7,train
6N8PWJGF,train
6NDGZHTV,train
6NDMY0HD,test
6NOGQZ5Q,train
6NPMOJE4,val
6NT3NDPY,test
6O0Y8M8L,test
6OAQZHCL,val
6ODOOBJR,train
6OM04K9S,val
6OOQUN4T,test
6P7O1EHW,train
6P871TML,train
6P9XNJCZ,train
6PAIT3OJ,val
6PFWF2NK,val
6PGO92Q3,train
6PJ8FIZU,train
6PK0ECOJ,train
6PMH7C56,train
6PN67O1H,val
6PT2R3T3,test
6PXIZONB,train
6PZFSL80,train
6Q19900L,train
6Q91OG6Z,train
6QBSFATE,train
6QHISXW8,train
6QJ571QM,train
6QP8HBWP,train
6QR8MWYM,train
6QSFDHZR,train
6QZPPNYQ,train
6RF49BXV,train
6RG3NJ2V,train
6RJB47ST,train
6RKOAWFQ,train
6RL4C8N2,train
6RLIZ6L8,train
6S852YPJ,train
6SQPLPAL,train
6STAWHNG,train
6SVDJ5DI,train
6T5P75R6,train
6TF26Y1G,test
6THUXHQA,train
6TKX42DD,train
6TQEFH9R,train
6TUY11ZW,val
6U47J8CX,test
6U71PDIU,train
6UB5NF2J,train
6UF1EI2N,train
6UI7CB3J,val
6UJBRRLD,train
6UM6XPTB,train
6USL3RXB,train
6UV7GPXI,train
6UXE1992,train
6UYLL3HA,train
6V2BD68T,train
6V8PLHIJ,train
6V8PW2IO,train
6VA23VDA,train
6VA901BM,train
6VG99UDS,test
6VGTOGPD,train
6VHC51Z7,train
6VOW7I1I,val
6VW3CTTL,train
6W106U19,train
6W5YCJ6F,train
6W8Y4PIZ,train
6W9NYYGX,train
6WGWKPRU,train
6WJ2PUUE,test
6WLSP5T7,test
6WOTWCIX,train
6WOUV3GH,test
6WS2M9XJ,test
6X1OVNOO,train
6X59MN9R,train
6X9NRJKU,val
6XEES7LM,train
6XLP521G,train
6XTJ9JPY,train
6XVF5J6U,train
6Y1EGUWM,train
6Y3MXVWJ,train
6Y4SMELK,train
6Y6VTXM8,train
6YAAUJW9,test
6YC5PS0R,train
6YD13NF6,train
6YI2EUX4,train
6YJYR0GQ,train
6YKZBPKH,train
6YL4DIUZ,val
6YWL3A0H,train
6YY5KD4W,test
6Z27IJGD,train
6ZN5SEM4,test
6ZNJVA3Q,val
6ZNM04LN,test
6ZPD9SGT,train
6ZVFT2X7,train
6ZYLSVFI,val
6ZZKNAHP,train
702XXBWG,train
706BR5G5,train
707KONYQ,train
70HMGUC1,train
70PTBWAM,val
70XIH4S9,train
70XNVOF0,val
711J5EXK,train
714GYEP2,train
715ATU2Y,val
7173F30Z,val
7184O2F4,test
718YD3HR,train
71C5ZV6A,train
71FGVQ21,test
71Q3TZQV,test
71QYA6YO,train
71RO2BQ7,train
71TH252G,test
71V3FUWR,test
71Z074MQ,test
72145C8C,train
72AWAQLA,train
72JI4TO1,train
72OFUVD1,train
72R9TI1D,train
72SJS7IM,train
72UUXXDP,train
72WCKV5Z,train
734Z3HCZ,train
739FCP94,train
73OT6RM1,val
73VWG855,train
73ZCO0Q1,train
740ZD0Y8,train
7437WXXZ,train
7465S52C,val
748AJ4NN,val
749HUGXG,train
749TQX3H,test
74EMM4M9,train
74KPLH9B,train
74P999OR,train
74RFG9YM,train
74TZYKID,train
74UOHEB1,val
753VRKS3,train
758UI2SY,test
75DHZS8N,train
75IXXM06,train
75OWTOON,train
75PCNH8S,train
75S2LWJX,train
760UDFEQ,train
762O38IJ,train
765OLGMB,test
76A4JV3G,val
76U0U1DA,val
779XWY13,val
77BGWURM,train
77Y02KQ8,train
780OYUTW,train
78350YNE,train
787KX4ZT,train
78BIFAOH,train
78DHV7IX,train
78LXEC3U,train
78NRP6VB,train
78Q5I04O,train
78TFPJJB,test
78XG1CG2,train
78ZK2FT5,test
7955EOD4,val
79NEDW5B,train
79NNLJD1,test
79THWVIO,train
79VAU775,train
7A1IBEIB,train
7A78OWAL,train
7AAUBTSF,train
7AHPNS18,train
7AIJX76B,train
7ALNN3XA,train
7ANPZWJ8,train
7AQE1AT1,train
7B9Q56ZY,train
7BAN2X9R,test
7BBMQ921,train
7BET4YHP,test
7BNGGSZT,train
7BTXS6MP,val
7BVOJRD4,test
7BZUI1Y1,train
7C407WKL,test
7C99VQV7,train
7CC0RWI0,train
7CG11DU1,train
7CH8MJTW,val
7CIZTQ4F,train
7CPM3FKN,train
7CRGCV2Z,train
7CXWOCCT,train
7CZ0S9M8,train
7CZGRR15,train
7D5JA9H8,train
7D9KUZ4B,train
7DB3MVQN,val
7DHL9XAS,train
7DJWXK9Z,test
7DVZHKD3,test
7E3ZD3VO,train
7EAO4TB0,test
7EFY1JL4,val
7EMDTGQG,val
7ET6KM88,test
7EU5C21I,train
7F0M0THI,train
7F2QWS4N,train
7F3AAFND,val
7F4LSWOU,test
7FX6H92B,train
7GMFOQGY,test
7GUSEXJQ,test
7GY7DUQN,test
7H0XTVEI,train
7H14H28C,train
7H6UKNHI,train
7H9GP9DG,train
7HALCG0P,train
7HDQGSYO,train
7HGGVLMG,train
7HIQXFS9,train
7HKO0H0U,train
7ICF5F6D,train
7ID5E2AK,train
7IUZ53EH,val
7JBQ8S5U,train
7JPNBZRW,train
7JR4MYBH,train
7K20GEF1,train
7K5UFJWU,train
7K9HLDZJ,train
7KEN50CE,val
7KHL38SH,test
7KLX6M13,test
7KS841N4,train
7KVU1FIU,train
7KZK2MST,train
7L18GQJ4,train
7L5SI67O,train
7L8VCW8P,train
7LC6118X,train
7LT83833,train
7LUK5YPX,train
7LWW47N7,val
7LXNDH2T,train
7LZV611P,train
7M2X5M9F,val
7M6FPKW1,train
7MD7OVRM,train
7MDSTQWS,val
7MOVN276,train
7MPE8BL6,train
7MZ0NXYT,train
7N348DJF,test
7NASHXUQ,train
7NMGEAVQ,train
7NO7UZ2W,train
7NP3F1WJ,test
7NP3LMQ5,train
7NXYH250,train
7O92L0SK,val
7OE9F8ZT,train
7OJDKLCR,train
7ONGDP51,train
7OPC24BG,val
7ORHB9OY,train
7OZ1U0W6,train
7P2QP50K,val
7P4OD6TP,train
7PH7BTKI,train
7PINN5WP,test
7PTIDMLM,train
7PY4SNZX,train
7Q010JAK,test
7Q0EL4QI,train
7Q37HMIO,train
7Q6I3IOI,train
7QCAAH3K,train
7QIM284K,train
7QK3I2VT,train
7R266Z2R,train
7R66AA1M,train
7RAK0GSK,train
7RLE2RU7,test
7RLMJFLV,train
7RS8LNRC,train
7RYHLA74,train
7S1YRGN9,train
7S3TJN49,test
7S6F6COR,train
7SF7ZVFX,train
7SHM37SI,train
7SJ5ETJB,test
7SM4VBQT,train
7SP6490M,test
7SXAI7BF,test
7T27KK8L,test
7T2T6ZZQ,train
7T36YO61,train
7T7CPM7J,train
7TALGIVG,train
7TGFZ50T,train
7TOBP12N,train
7TOZ2VPV,val
7TVRBWCP,val
7TZ69Z4B,val
7U2CDDF8,test
7U34RZB9,test
7UEMABXX,train
7UOXJ3S0,train
7UPOFMQR,train
7UTBU3L3,train
7UV3URON,train
7UWWJF05,train
7UY5YUNN,val
7UZJ0V66,train
7UZTCPDX,train
7V0PLDY0,train
7V2HKAZY,train
7V82B5F6,train
7VDYTPI8,test
7VG5C2Y4,test
7VHCSR0D,train
7VSVVU00,train
7W66QMPD,train
7WJPF2ZW,train
7WN5JLSR,val
7WQCQ9WZ,val
7X67SK0A,test
7XCKHR54,train
7XGBSBG2,train
7XNPWE7K,test
7XOOBCEC,train
7XQCN4DD,train
7Y5GD87G,val
7Y7Q5HH2,test
7YE0WW6U,train
7YIV2LXD,train
7YTLJX7C,val
7YY4RT28,test
7Z82FKJB,val
7ZD1WIO8,train
7ZHR9W73,val
7ZODVGXE,train
7ZSTGZJA,train
7ZTJXKGQ,test
803WSTAQ,train
809Y6HUD,train
813WF1GB,train
819SQUP0,test
81EAKQEC,test
81HABMCK,train
81LLZC6O,train
81LZ4NOI,test
81N4TQNW,train
81P300PG,val
81PFI5OA,train
81VOJPWF,val
81ZZHCV9,test
829547HZ,test
82DVP35Y,test
82LHBSJP,train
8304GWXG,train
834535E1,train
837UIQGW,train
8386A82E,test
839Z6Z43,train
83BK4JZQ,train
83IXUO36,train
83U4473J,val
83V7M852,train
83XZC4TF,test
83Y6FTWZ,train
841RU7GL,val
84IZB8GZ,train
84L4QBOL,test
84WPKY5Z,train
84YFL8KL,train
84ZUVYTR,train
85B8L54L,test
85FSW0L3,test
85HYN8YR,train
85I7UXEB,train
85LZF35O,train
85O4DJYB,train
85QB319U,train
85RUHE89,train
85W9UYNS,train
862W1E06,test
8664ZRYI,val
86A9HNTW,test
86EWXZGR,train
86J5AETG,train
86JK68DV,train
86RSYKDR,train
86X1T19F,val
86YWAKSI,train
8757RFDL,val
8761F0ZB,test
87DFM49R,train
87I9MAO4,train
87QCWX3I,val
87TMMFGN,train
87TY1H06,val
87WRDCT3,train
87XCK2GM,val
87Z5VOFM,test
884PX244,train
886QAC8F,val
888SUO81,val
88M2E2PA,train
88PM12GK,train
88Q5VSUM,train
88Q80C2A,train
88TSOYG0,train
88UP9SGQ,val
88Z6NYGF,train
890GQ8RK,val
8924LTHJ,train
8961QAZ8,train
89AB846O,val
89CYXINM,val
89IIXRQ9,train
89P2DKCA,train
8A14EIH4,train
8A83J3DJ,train
8AA8RHJN,train
8AGM8LFE,val
8ALHQ663,val
8B1WXT9T,train
8B3XW96Z,test
8BIPM5CE,train
8BLS952K,train
8BMMPYA0,test
8C0ZOC06,train
8CJWKNXQ,train
8CL3LFMV,test
8CMP3E2B,val
8CPAKJ2H,train
8D0S1A3J,train
8D1YOPRF,train
8D3RCF1P,train
8D66J1XZ,train
8D7A0V1L,val
8DBRP38O,test
8DCF83WI,train
8DCH5W0Q,train
8DCRSEBV,train
8DFBRBZ1,val
8DJL4ZOU,train
8DLILBUE,train
8DPKY3RL,train
8DSTPIIF,val
8DX51X8B,train
8E1XBZXG,train
8E22WCMC,train
8EA99Y66,val
8EGH3HP2,train
8EHW0QRT,train
8EICM6JG,test
8EIN091C,train
8ELO5X9S,val
8EMCMLEI,val
8EMPMXI9,train
8EOZGCGP,train
8EPPPH94,train
8ETNKRD5,test
8EWZTFZJ,train
8EXOVDQI,train
8EYCWOY7,train
8EYRM6A5,train
8F7O00CJ,train
8F7Q1Q4D,train
8F92F4T3,train
8F9ZVF29,train
8FFU5QFB,train
8FGAPDL4,train
8FHQX543,train
8FJLUA0X,train
8FNX4C5D,train
8FWME38F,train
8GCUZZH2,train
8GGBWV8W,val
8GV38Z83,train
8GYQLD0R,train
8GYUJVOO,train
8H2DUGWD,train
8HDNMP9B,train
8HMRYBG0,train
8I4NUWD8,train
8IHLFOCR,train
8IK3N1P4,train
8ILZ2NQR,train
8IMGHPXT,train
8IUNCOXD,train
8JHPIGTX,train
8JLCP7O5,train
8JT7DC7K,train
8JYR4MBZ,test
8KBWNNET,test
8KE3GNRM,train
8KESC1R2,train
8KHGA9NF,train
8KSI9GVB,train
8KXQQ0D0,val
8L4Y248F,test
8LAR13PK,test
8LI2J1PL,test
8LIQGZSH,train
8LITT0M7,train
8LNT4QVM,test
8LOW1V25,train
8LQ5GRKA,train
8LU2MFCC,train
8LUBKMCS,train
8LUJTDKM,train
8LVV5SDQ,train
8M1VK254,val
8MCUWAP2,train
8MFVN3UC,test
8MHI30QP,train
8N0YV005,train
8N23WC39,train
8N9NWR39,test
8NE8L9KB,train
8NICJ1YV,train
8NOBC707,val
8NV9NKQN,test
8NZUPQH5,train
8OCYLR4F,train
8ODJX5DL,train
8OF0FHKG,test
8OG21K7F,train
8OG8JCNF,test
8OJ34ES4,val
8OJVXBFK,test
8ONFYEEG,test
8ORVUOOY,train
8OXJPCA1,test
8P0R2S1A,test
8P0T3F2F,train
8P51VN1A,test
8P8OOJE9,train
8P9F6SDP,train
8PBYQDD7,train
8PDFOW6Y,val
8PEEJ4US,test
8PFOU9OE,test
8PGGMXTX,train
8PLIWTFH,train
8PMRLHQD,train
8PSYKXTF,test
8PW9EUNM,train
8PZIEQO8,train
8Q0WQU2O,train
8QDH30NE,train
8QIOTM3S,val
8QT82SAD,val
8R270V6J,test
8RFTGSGJ,val
8RLTOHXT,train
8RMMXRBT,train
8RN6CF47,val
8RRB1HCM,test
8RS4JUXO,train
8RX216N3,train
8S2TYK9B,train
8S5L7M0M,val
8S5WPFXS,train
8S6RQKLE,val
8SI149NO,train
8SQNFOX7,train
8SUU8WS7,val
8SX94HPN,test
8SYFXR56,train
8SYLB8P8,train
8T0NWUUD,train
8T26L8H3,train
8T3F4957,train
8T730M77,train
8T892Q3A,val
8TILY3FQ,train
8TIPYPTG,val
8TLK42RE,val
8TR1J7CU,train
8TXYRM58,val
8TYXB1L7,train
8TZCWOBN,train
8U3T8ZEF,train
8UKKISQA,train
8UM1H6ND,train
8UOPZP5X,train
8V0THCJU,train
8V3KFHUS,train
8V7PZJO3,train
8VBVGAC8,train
8VGYZLQV,test
8VN9QHOB,train
8VO17XGY,train
8VTDULU8,train
8WNLJVUT,val
8WYX4AFX,train
8X0EPRG5,train
8X6PE5KP,test
8X7MGFUJ,train
8XCHDUO7,train
8XHVO67B,train
8XMYOOI1,test
8XPS3RAE,train
8XTHUSBV,train
8XUBKOK8,train
8XXUSZ13,train
8YC01BIN,train
8YIDGNAL,train
8YKKT1EG,train
8YKWJ9G6,train
8YLUA19Y,train
8YVWBVV1,train
8YXBV43X,train
8Z7ZV6V6,train
8Z8U117O,train
8ZFIYIVY,train
8ZGNOF6M,train
8ZJYRW4T,train
8ZMRJHZZ,train
8ZQ5EE5A,train
8ZX9BOMZ,train
902OTBWX,train
90CJGM63,train
90ET0BA1,train
90G2WHJ5,test
90OXYXVS,train
9125O5TQ,test
915KVI9L,train
919XUY08,train
91CIUG2F,train
91FUHQQZ,test
91IUKY59,train
91QG8VBX,train
91TP1GBK,train
91WTXZ3U,val
91XFSTTH,train
91XMGVMV,train
91YEZ9E2,train
91Z7AUG6,train
9230B4LE,train
9249UWXS,val
924IYQJH,train
924VBFSA,train
92CJ2LHV,train
92LEWEZW,train
92LJEJLB,val
92PGEPSD,train
92T403GZ,test
92T75VI3,val
92W9L52K,train
92WO1P60,train
9318ZK7E,train
93AAFUAM,train
93BAJRI3,val
93BDY05K,test
93FKK0B3,train
93H79C3M,train
93W9O36A,val
945WR4OT,val
94729M8D,train
948FMIMJ,train
94AUSJF1,train
94H4RYSU,train
94UZ3261,train
94YII52M,train
952DQRC6,train
95E2617Q,train
95SB7O3C,test
95X8JKKZ,train
95ZO4IO7,train
9645UV58,train
969VDTY6,val
96B84EYX,val
96WFA4FX,train
9703RXCY,train
97C6R84Q,train
97ILGBYN,train
97NN2PSK,train
97WS7DJH,train
988MESPA,train
98C8W3MP,val
98D8RRKE,train
98D8W69Q,val
98HLSIHZ,train
98KOOCMC,val
98PRCJOI,train
995YO91Z,train
997L3YNX,test
99JC8YYV,val
99OB3GZ3,train
99OGZ0M8,test
9A0XGHD8,train
9A1FNP85,val
9A8VR9H1,test
9A984B1S,train
9A9M4NO4,train
9ACY6QFW,train
9ANI1IJD,train
9ANKKOLI,train
9AQHD8W8,train
9B1M98CE,train
9B1WHXX5,train
9B20IH2G,train
9B3N8449,train
9B8XIIDM,train
9BK4AMPL,train
9BL2DEXD,test
9BLPQ4R6,train
9BNY2XWW,train
9BW5LQGR,train
9BX8QTSP,train
9C0867MO,train
9C08NX5A,test
9CBXI716,test
9CC03UAR,train
9CQXTHVV,train
9CVXYHPA,train
9CW00CNL,train
9D4VLWRT,train
9D7K4021,val
9DCTK520,test
9DHQYU9L,val
9DP9O3XD,train
9DSDWRKO,train
9E2SFMFL,val
9E4OUZST,train
9E7NXODZ,val
9E9TTY81,test
9EDHAH3H,test
9EPH2CVU,train
9EVOJVQ5,train
9F1J3C3F,test
9F2RERBV,train
9F5Q3ARF,val
9F9VWXX2,train
9FZUI8ZI,train
9G0R7UUU,train
9GADFWZ7,test
9GN9U7F0,test
9GYY1YHN,train
9H1L8GMN,train
9H22H1O0,val
9H512NK7,train
9H54DEMD,test
9H5P42X5,train
9H7YID65,val
9H8D9XGT,train
9HC4JKCH,train
9HCI6PN1,train
9HN5SOGL,test
9HXSOQA1,val
9I04K697,train
9IFMM254,train
9IIH96RF,train
9ILV240X,val
9IM6B4VU,test
9IMKP62D,train
9INAEK8N,val
9IRL6EKB,train
9IXU671N,test
9J42M1FD,train
9JGUV91A,train
9JMTKLAS,train
9JRYR8WW,val
9JW80WMR,test
9JWDBQN8,test
9K1FB6BR,train
9K1YQ4X4,train
9K40RX5F,train
9KEJSB7Q,train
9KF8DVI3,train
9KFVM69G,train
9KILEYE0,train
9KKTNB99,train
9KKVJ51T,test
9KLGEQ28,train
9KPDFLR3,val
9KUXG4UK,train
9KW85EU5,train
9L2OCX1O,train
9L6EVA73,test
9L9BVST6,val
9LF6QWM4,train
9LHMGN1U,test
9LKLMD7J,train
9LPSJP37,train
9M6Q3141,test
9M84B32F,train
9M8AP4ZA,train
9M9TQY6H,test
9MBPKCL1,val
9MCE74P5,val
9MSFYU9I,train
9MVLOTVA,train
9MVLSOM1,train
9MZWHMMJ,train
9N0R50W1,val
9N46OULD,train
9NB8P5WA,test
9NL91X9M,train
9NNZQ2FF,train
9NS7LUZR,test
9NVMT7GL,train
9NXSFL7M,train
9O0B89T2,train
9O3AV85A,train
9OAF43CL,train
9OCHGGEG,train
9OCLOQKW,train
9OGZZM82,test
9OS5ZU9Y,train
9OTPD9LR,train
9P44ZJN2,train
9PJTI3DI,test
9PSHWXTZ,test
9PZPHA6H,val
9Q13B59P,val
9Q6KU90Z,test
9Q8FLT9Y,train
9QDBN4Z6,train
9QGQM10J,train
9R1XZPGH,train
9R4GEJRD,train
9R4PDL14,val
9R74BGC1,test
9R7X4M9B,val
9RGCJO28,train
9RP60P25,val
9RUTEVLU,train
9RX21364,train
9S009NK3,train
9S2DPCTJ,test
9S6QLKVL,train
9S7GEOYO,train
9SAVTAZC,train
9SCBVTZP,train
9SDHC02U,train
9SUIDRL0,train
9SVBHRNT,test
9T3BT4PP,train
9T6QA1CE,train
9TAGL2LV,train
9TL2I5GF,train
9TPVUVKY,train
9TVJJHXN,train
9TY6IT99,train
9U39UQU7,train
9U7TFNO7,train
9UARS853,train
9UU6YVNL,val
9V3O06IA,train
9V84622R,train
9VF69R5P,train
9VJUN8JE,train
9VQUL59U,test
9VVMM1A2,train
9VY8B19E,test
9VZQLTM9,train
9W04M06U,train
9WGNHXZK,train
9WJ3BL2E,test
9WK8QL3N,val
9WQORUXF,train
9WVV9SM0,train
9WWVDOSS,train
9X0NYYA8,val
9X4PPC4G,train
9X97LSYX,train
9XAZ1NVO,train
9XN4C7G1,val
9XOJ5JFS,train
9Y9TQY0O,train
9YH06YOT,train
9YLJNCE8,train
9YOZK270,train
9YP22SQK,train
9YQ73ZXX,val
9YSRNFA6,train
9YTZK5FI,val
9YVBSBJQ,train
9YWFAERK,train
9YYZNXVV,test
9Z2YE7BC,test
9Z4OYMNX,train
9ZB3XUMM,train
9ZD6951Q,train
9ZHXR8WU,train
9ZODJWXL,train
9ZR6N5WM,train
9ZUS4F1Q,test
9ZVIW29L,train
A056OUXD,train
A0ITIBYG,test
A0JPSTKO,train
A0ORM4CD,train
A0T8B4JN,val
A15AWH9S,train
A1C07XK5,val
A1EGCL7E,train
A1MYFMGN,train
A1NZBKNW,train
A1STE7GE,train
A1UFQVBY,train
A20E6I3V,train
A20QAZ1P,val
A2C1P7OV,test
A2CJ16EE,train
A2FCUM03,train
A2ILDVUX,train
A2JBK2XV,val
A2MMZ3TI,train
A2N4U0PI,val
A2NWLZP0,test
A2QGIHPJ,train
A2RXUT0L,train
A2UFFG2F,train
A2VAW29R,train
A2XL18US,train
A35TNI6J,train
A38OPLW1,val
A3EH83E1,train
A3JWX7MK,train
A3PXDMBF,train
A3UN0PAF,train
A3W81QVQ,test
A44NYRD7,train
A45PL46R,val
A4A978KW,train
A4AIMS90,train
A4E6PSRS,train
A4LCXIS5,train
A4RJL3YE,train
A4UI57JB,train
A4WCGR2W,train
A4ZNPQXB,val
A56FLQ35,train
A5DKRA0G,train
A5E4ZETW,train
A5GW2Q2S,test
A68E82IT,train
A68Q945L,train
A6DYX8L3,train
A6KRKOAV,train
A6OU904K,train
A6PPRXLZ,test
A6W8OJND,train
A6XH6SXL,train
A7668JJW,train
A7FBR4HP,train
A7FPN7LC,train
A7L46P5E,train
A7TFAOSA,train
A7U4PCRA,train
A808ITC0,train
A80YZFPL,train
A82I12W9,train
A83UQ081,train
A87PO3KS,train
A8DCZUP1,train
A8NR1AW6,train
A8PJQ3NS,train
A8QU5YR1,train
A8UB896F,train
A9GR9EQ4,train
A9HZN2OK,train
A9S94LA0,train
AA26GWDP,train
AA4Q0TB8,train
AABZOQJP,train
AADOGJAR,val
AAFKA1UH,train
AAG7GDWK,val
AAJ0UIQT,train
AANPKP2Q,train
AAUHV5GX,train
AAWFSK70,train
AAZUDO2Q,train
AB31TOZ2,train
ABFZBCJF,val
ABHUNK1M,val
ABK1JQDT,train
ABK68YAE,train
ABQCJ341,train
ABR59WNA,train
ABTU0GHB,train
ABYAS6TC,test
AC1VMGGA,train
AC9U6G3X,train
ACB2XSC0,train
ACCWOW1D,val
ACHTTN4X,test
ACI0U1UT,train
ACIIKYPN,train
ACKJ9GO7,train
ACLJKO3M,train
ACLY3M18,test
ACT6P9OW,train
ACW4PL1E,train
AD9F977X,test
ADCTJYQX,train
ADLXCXVL,val
ADN2LJ0X,train
ADN6E140,test
ADRIXQBB,train
AE67TGUO,train
AE6SB49Q,train
AE7R3MGE,train
AE8X6Z1D,train
AECHR6IZ,train
AECQ8OHQ,train
AEDFNW72,train
AEHUTO40,test
AEK6ENSF,test
AELDACS5,train
AEN0M1HN,val
AEQQRKDX,train
AEUQS00S,train
AEYPVALV,test
AF10Z6Y8,train
AF4VUKST,train
AF4WBF3I,train
AF5SGK8W,train
AFBVGR1W,train
AFEQ1YMI,train
AFHG5JCQ,train
AFHMCPE2,train
AFK6GS1U,train
AFKACG6M,test
AFOEZYJE,train
AFQFRO35,val
AFSI0R47,train
AFU1OMWC,train
AG6J710E,train
AGA9S3WV,train
AGDDBVY8,train
AGFX9QEH,train
AGHX7BU7,val
AGLKF3YG,train
AGLP68KB,train
AGQE1DO9,train
AGUHDEUY,val
AGW7WAF4,test
AGYCT544,train
AGZD4HQU,train
AH06ZS9J,train
AH800CBL,val
AHASIAPH,train
AHIW6V0L,val
AHOELT0X,train
AHOLCZ33,train
AHQZ8YBL,test
AHYNHI2N,test
AI2K44N6,test
AI5VY2D9,train
AI6N7OT5,train
AI7QN9T1,test
AIFANTSY,train
AIH03G9B,train
AII7BDWR,train
AILPZS7I,train
AIUQUHS7,train
AIXAILS1,train
AJ2KZEVG,train
AJMXRHXU,val
AJPZOFJO,train
AJQUD650,train
AJV8HGUY,train
AJZHJVS9,train
AK2U1Q32,train
AK3X6CBZ,train
AK55YXRS,train
AKEBE4KX,train
AKN06FV7,val
AKOZ5Q1A,train
AL0BMZDU,test
AL0W32WP,test
AL40FCZO,train
AL4LINZ5,train
AL5J96KI,train
AL8LTCGB,train
AL9CI2E0,train
ALCNKTTI,train
ALFT8211,train
ALL5OPML,train
ALOW0NXT,val
ALQH1X24,val
ALV378IW,test
ALVLYD70,train
ALYO8MED,val
AM0X8RWV,train
AM7P4J0J,val
AM87G6MR,train
AMI2ODGH,train
AML06IYB,val
AMMANIMQ,train
AN3IVVZY,train
AN63N7YB,train
AN8RLESZ,train
ANCNANV7,train
ANNNG59T,train
ANVQUR04,val
ANZIEL63,train
AO5DJLBR,val
AO9BBUKD,train
AOB1AISS,val
AOKJQKJ5,val
AON17ATX,train
AONG2UAT,train
AOSH0U0K,train
AOVZA0I0,test
AOX3AIC2,train
AP1D4BG5,train
AP45WVR4,train
AP8D8KXB,train
APEI238N,test
APLYIMED,val
APPIFVVR,train
APXUMYDO,train
AQ1628V7,train
AQ1Y47O0,val
AQ2LQMRV,test
AQ3LJ9AB,train
AQ5FF2JT,train
AQCYOPI7,train
AQKXVYPS,val
AQPBOWPU,train
AQSGXSSN,test
AQTH53MI,val
AQZHLJW6,train
AR28AUOF,train
AR48AU8K,val
AR4JQDQI,train
AR62MGLR,train
ARC7E39K,train
ARPS1UBS,train
ARYFI56R,val
AS3O57SZ,train
AS9P5DKJ,test
ASADG2AK,train
ASAJF7TK,train
ASBG7EMC,train
ASL6U45F,test
ASZ61N2S,train
ATG8NNXX,val
ATUQNZMT,train
ATWLG9RY,test
AU1PDU7S,train
AU25H8WB,train
AU40AD91,train
AU8IZLIG,val
AUCDLGYK,test
AUDAGQU0,train
AUH0L2RZ,train
AUN6QTW3,test
AUND1NE9,train
AUQEQSCL,train
AUTP3M7V,test
AUTV820Z,train
AUU8JW87,test
AUVJE639,train
AV2MIRP6,train
AV80NXNQ,test
AV98FDFL,val
AVC5HO1C,train
AVJWZQ5K,train
AVKYEFAP,train
AVL2ZBTW,val
AVVJW2VW,train
AVXDNV4X,train
AW17QL36,train
AW20F6R5,train
AW7V0NRW,train
AWFQA33Z,train
AWSDM2SL,test
AWTH5755,train
AX1V3TDZ,train
AX349JZ6,train
AXDKVDN6,train
AXIE5AEC,train
AXO0OWLM,train
AXS8NIPZ,train
AXSS7GZQ,test
AY9GW4N0,test
AYEA7DVA,train
AYIQUT6J,train
AYPIFGW8,train
AYRZC056,train
AYWEIVHD,test
AYYA7SVR,train
AYZEFZBR,train
AYZTN5G0,test
AZ6XBLNX,train
AZDG9MYZ,train
AZFPWYPF,train
AZICO0UK,train
AZISN9EU,train
AZM9EKG5,test
AZNYPR6F,train
AZPUFB8P,train
AZSP1UFJ,test
AZUX1FLL,train
AZWA5CSQ,train
AZZ2PBYI,train
AZZPP2TK,train
B0CQRLXO,train
B0IK3CH3,val
B0LY4QSW,train
B0LYY0EQ,train
B0PF8NML,train
B0SPYGAE,train
B0T4LQX5,train
B0YBGTYY,train
B10NC5CC,train
B13YW0YK,train
B18K88K7,train
B18V36S5,train
B1ED226R,test
B1HZG7MU,train
B1IDXKRK,val
B1KRCAEE,train
B1KRGV85,train
B1NP7VQW,train
B1S474O0,train
B1V8IBOH,train
B1YUO06L,test
B24MOFLV,train
B27UGQI5,test
B291ZPIL,train
B2CVIETD,train
B2U4KTZ2,train
B2XPONGX,train
B300JLAU,train
B378FTTH,val
B37X1HOC,train
B3KHPNPC,test
B3LO6CSI,train
B3O4LJ4K,train
B3SNQJ0X,test
B3YBNF57,test
B40I4G3U,val
B41RIHPE,test
B440BX0X,train
B46MPMDE,train
B46VAY3W,val
B47LVCR9,train
B49VWBJT,train
B4VVTUGA,train
B4Y4ECG7,train
B59FBEV1,val
B5SYRGOQ,train
B5YHXQNP,train
B5YRCXCJ,train
B66VG1XV,train
B670VYZE,test
B68RL8YE,train
B697KFWI,train
B6LAVIED,val
B6U9OR69,train
B7ASX9L3,train
B7IC2ATM,train
B7NUIN3Y,train
B7V4Y1DR,test
B8E5BG4T,test
B8FZEJKO,train
B8MCC5JX,train
B8QOIQYS,test
B8SZWVQU,val
B8XBQQFU,train
B94L8GKV,val
B969IY8R,train
B99VEJ3T,val
B9L3Z1NI,train
B9O3XGX3,train
B9OTD916,train
B9TKXN54,train
B9XJ9ICZ,train
B9XUAX0F,test
BA7XVFJ8,train
BAEF6C2G,train
BAH02AI3,train
BAJFTTTL,train
BAONYLBR,train
BB1I1R55,test
BB3VTASM,train
BB9YMXBQ,val
BBGYXP48,train
BBLW2URJ,train
BBMJC9HS,test
BBR46DLR,test
BBS52Y8W,train
BBXLFXT7,train
BC2MRZO0,train
BC5BKQLI,test
BC6G24O1,train
BC8Z7M67,train
BCE4F865,test
BCE8E4A9,test
BD0AHE3X,train
BD0PK4EY,train
BDGE8CEG,train
BDK72D6H,train
BDNW95LS,train
BDRR4L14,train
BDSZJGWC,train
BE2C90J6,train
BE7MD3AQ,train
BE8CCUJ3,train
BEGEMZGT,train
BEGU17YL,test
BEJEJM8V,train
BEKDDH5H,train
BEO8ID4F,train
BEPV94OW,train
BEQGM8BW,train
BESNN61I,train
BESZHCRN,train
BESZM8PJ,train
BEU9QH1Y,train
BF7FGB5R,val
BFADOS2T,train
BFGJHOEJ,train
BFIWIV7C,train
BFPU0G8K,val
BFRU3KIH,test
BFYZT5R9,train
BG0KR8DB,train
BG1P568F,train
BG566S3E,test
BGGEEAB2,train
BGGNIDGU,train
BGKXYQHH,test
BGM31TSG,train
BH27O2M7,train
BHABJM0Q,test
BHC3F1O7,train
BHE8WIZM,train
BHFW704G,train
BHIWLL3Q,test
BHKBZKOJ,train
BHVF3JA4,val
BHZLWL53,train
BI2XZRLI,train
BI6U68HW,train
BIA5HZZE,train
BII38JZU,train
BIJ6J95S,train
BIJW6Q5D,val
BILAJSHU,train
BINEBYZ7,test
BIQ56CSU,val
BITLP4LN,test
BJBARUTS,val
BJDLGI61,train
BJKL8KS5,train
BJL737AK,train
BJXXCGMZ,train
BK81L99B,val
BKBZJ2U9,train
BKLK5GWT,test
BKTYN2XZ,train
BKVNBDBI,val
BKX19X0G,train
BL800GDX,train
BLIIPRMV,train
BLMN7NSW,train
BLN3FPQW,train
BLSEWG0S,test
BM1R1ABC,train
BM1S1RIZ,train
BM4LMC26,train
BMHVDG1Q,test
BMJNVM6R,train
BMLVEHBO,train
BMPMX4DD,train
BMSLSSEI,test
BMT68PDJ,train
BMUM7CEP,train
BMVN27VZ,train
BN6425H5,val
BN71WM25,train
BNAFLHC2,test
BNGTZ9MB,train
BNHCNP1T,train
BNZEGYLA,val
BO1XXP15,train
BOERWPHM,test
BOL3Q5TN,test
BP8CALWG,train
BPI3X7HR,train
BPJKSD58,val
BQ135Y8U,train
BQIN9ZMI,val
BQMTVD1W,train
BQPS3AP2,val
BR2XP6S4,val
BR7DH65Z,test
BR937IZO,val
BRYAJJJ9,val
BS0YD04R,train
BS6MOKJH,val
BSFTD1L3,test
BSLWSC47,train
BSRHWPQK,train
BSXBMEXD,train
BSXQ54OW,train
BT2VM3Q0,train
BT4QFLPI,train
BT70L8H9,train
BT88LTU0,train
BTAJ2WXZ,train
BTGMJ3VZ,train
BTHC6NPU,train
BTHG5PQ7,val
BTIOXC1L,train
BTIWT2N2,train
BTMIEIS7,test
BTPG9T8R,train
BTUYY9TT,train
BUC1WGE9,test
BUJI1S1D,train
BUMUE2CT,val
BUQ6S2JN,train
BUUO3TTG,train
BUX8OXE1,train
BUY5BYIF,test
BUYB7ILR,train
BV51SBYH,train
BV5BI743,train
BV8C23JH,train
BVDW18AF,train
BVGQLVT8,val
BVK9RMKC,test
BVL563K7,train
BVYP7VKA,train
BW6PUVSA,train
BW9F8LK4,train
BWEG2EB9,train
BWGAGPGT,train
BWJ8OF3A,test
BWOZLIET,train
BWQLOXIR,test
BX8YFRVI,train
BX9DXKD5,train
BXAHQP3G,val
BXE1OH01,train
BXL06UTF,val
BXOMO62D,val
BXPMFVMI,test
BXQJJOCU,test
BXQVU52M,train
BY7TVJCS,test
BYU6N2QJ,train
BYYQBPB3,test
BZ7JDAEP,train
BZBH8FDG,val
BZF35N1P,test
BZGJTV09,train
BZIA1FRI,test
BZKX5KDD,train
BZMEACLU,train
BZWJB5HH,train
BZZQD6ON,train
C01K4JMS,train
C01MYDJV,val
C03U5T0Q,val
C04YE8RB,train
C0L0EIY8,test
C0LAMZFE,test
C0OUZLY3,train
C0RQAWOZ,test
C12PT9TU,train
C161WWG6,test
C179CATX,train
C1BQSBKZ,train
C1G89XXL,train
C1JJO6OA,val
C1OG2TDS,test
C1STNP3U,test
C1TRN6O0,train
C1ZINNGX,train
C22C6KUB,val
C2KBQ2SE,train
C2OCXZXQ,val
C2SYCGE3,test
C2T7II41,train
C2T8Z23O,train
C2TLBVWS,train
C34FDDFE,train
C34T9V7R,test
C39F3IT3,train
C3CCYDEB,train
C3J9Q6BB,train
C3KL0CZI,train
C3SYZL0I,train
C3U20Z26,train
C43T6GNI,train
C48CX8OK,train
C4BO4UAW,test
C4H342T3,train
C4RK17S6,val
C4SMJTE4,train
C4UGIXGL,train
C4VIJK21,test
C50IB4JX,train
C5EMIT1T,train
C5GLMSAA,train
C5JGBH90,train
C5ULRGNS,train
C6BHFLHU,train
C6GAUHNU,train
C6HL40MM,train
C6IWVY5I,train
C6VCVRAJ,val
C71DGGJD,train
C76CNN5Q,test
C7AJAJ0S,train
C7F0DTIR,test
C7MHI5CA,val
C7OJCRG0,test
C87S9M3C,train
C8IEGA8A,train
C8KFZJ2P,train
C8KI34YV,train
C8N23ZCQ,train
C95EBZJU,val
C96AFEZV,val
C97A2UUE,train
C98L363J,train
C9IKHPT4,train
C9MNHPWA,train
C9QSY5LE,train
C9TSI9HK,val
C9W19T6D,train
C9Z6JBSS,test
CA16V3MW,train
CA47IEWQ,train
CAA43CSE,train
CAB0DBSI,train
CAD2Y40G,val
CAFYLA4H,train
CAM6QIT1,test
CAPZ6IJL,train
CASP3OBU,train
CATKUMCZ,train
CB0FR06C,train
CB2MBLB7,train
CBK7LA4O,train
CC41BEVS,train
CC6SQ6AL,train
CC6YM3VJ,train
CCN2E34X,val
CCN2OWS9,test
CCNVAB1S,val
CCQMXYKV,train
CCW2XUMM,train
CCWOSMLJ,val
CD2BODDW,val
CD3AWSKA,test
CD3TB7T3,train
CD532TP5,train
CDEH17AQ,train
CDF64799,train
CDFY1QGD,train
CDGDGF8U,val
CDMFX7O1,test
CDWLWJ8S,train
CE76NRXA,train
CEH5II51,train
CEO5VSC5,val
CEQIOWPZ,train
CF02I6JP,train
CF0R0NLT,train
CF1BG6LS,train
CF664BEA,train
CF8VDB0G,val
CF9YL5O0,train
CFAIS91A,train
CFBDY3DD,train
CFBW5LDJ,train
CFIF9RPO,test
CFLIQGF1,train
CFUOZRBB,train
CFWPBHRP,val
CFYDIMHG,test
CFYNXMUA,train
CG0BITAI,train
CG9X6VHB,train
CGBNPTN8,train
CGIBDFOA,test
CGMEC3KC,train
CGO9VZWM,train
CGP3ZSSR,val
CGQ5A4SR,train
CGRD70SR,test
CH0E70TX,train
CH2R6PR2,train
CHA70U37,train
CHEPKM5Z,train
CHGVZL16,val
CHI7WELL,train
CHLD3ERR,val
CHNBJF4I,train
CHNKQW6Z,train
CHO1BNH0,train
CHQQD29B,train
CHR1MRLI,test
CHXVMR5H,train
CI0H0TUW,train
CIHGWFWZ,train
CIJKWMZ4,train
CIRFV30S,train
CIVDFF1L,test
CIYXKET3,train
CJ1LX2UD,train
CJAU6MVA,train
CJAUFOFH,train
CJHBFJ19,val
CJKOUNTW,train
CJPNXU1U,val
CJSUMZVG,train
CJULJ65Q,test
CJURBLEJ,test
CJYFBEGY,train
CK42THJG,val
CK5A4600,train
CKJJ604N,val
CKNGKZED,train
CKQQMLUD,train
CKX52Y8G,train
CL1KWCMY,train
CL8WKDVH,train
CLCYSB3E,train
CLG2ZLL0,train
CLK1QITW,train
CLQ86F9M,train
CLRDF457,val
CLSMOD0A,val
CLW6GGYZ,test
CLZCS6YL,train
CM2MDE75,test
CM8QKSLG,val
CMAXSDL4,train
CMG700N8,train
CMN5D4LP,train
CMNP1FRC,test
CMUH9AVM,train
CN2RER7Y,train
CN74HCG5,train
CN7RWZBM,test
CNMWGACJ,train
CNQS59HI,val
CO2CFY2E,train
CODMHST1,train
COR38DDF,train
COV3PQ6A,train
COWGT76L,train
COX6E34T,train
CP8G98D5,train
CP8X0J4W,train
CPF4AR15,train
CPFZOKWC,val
CPR4DS78,train
CPV4XMLV,train
CPWFJ6DY,train
CQ7ZY01L,train
CQ8D2S0P,train
CQ8DML45,val
CQDD6QLM,train
CQJ51Y1O,train
CQQLAEWG,train
CQSRPK2H,train
CQWQAMIC,train
CR08NTOH,val
CR3J67TD,val
CR4VCU12,train
CROTITZX,train
CRPNYIXV,train
CRQUFMVH,train
CRRDTIH0,train
CRS284RM,train
CSBZKEAS,train
CSDHI2AI,train
CSVR9WC8,test
CT28MA7K,train
CTC3H31O,test
CTF1MJWV,train
CTH4P6P6,train
CTH8D2JT,train
CTHQFB8S,test
CTN7XBFC,val
CTTG9HUK,train
CTTQFSDB,train
CTYKRTRH,train
CTYR35MC,train
CU24D9O7,train
CU64R8N7,val
CUCK7YIS,train
CUKP4LJH,train
CUY27WHZ,train
CV49OY14,train
CVDXY8AJ,test
CVPWFGZZ,train
CVXQN1P3,train
CW2K3VQR,train
CW4VNV67,train
CWJ0NT45,test
CWKA8IEK,train
CWP9TUSX,train
CWRXX0H6,train
CWT9C4HX,train
CWUNFS3X,train
CX678W54,train
CX7EX2BU,train
CX8YANBK,val
CXBDOQR1,val
CXITWF17,train
CY6H4FPJ,test
CY8ABYDV,train
CYBPQ6RY,train
CYCY8PBA,train
CYET894Y,train
CYI5NOOL,train
CYO493OD,train
CYT0VDFS,train
CZ4RUXE9,val
CZ53OTW2,train
CZ82X7RQ,test
CZA2DE3Z,test
CZE0K6TB,train
CZG4UOK0,val
CZHTJ8DA,train
CZKCU0CI,train
CZN1V66V,train
CZPIQ3EM,train
CZUWA8Y4,train
CZWNJARY,train
CZYYP2ZL,val
D02HEAED,train
D05981FL,train
D0EQ6K5P,train
D0KAPONW,train
D0NKIAQ2,test
D0NKL11G,train
D11W22W9,train
D12OS7CH,train
D1A0MJI6,test
D1DSCUZU,train
D1ERH10W,train
D1FGMYSD,train
D1GMIAQ2,train
D1MEDOG9,train
D1QJSVQB,train
D1RQ9LXG,train
D1SW4SOJ,train
D1VG2KWL,train
D1VP56UM,val
D1YYFDFR,val
D1Z1I6DD,train
D21IEIKV,train
D2303W2I,train
D23MQH9J,train
D25FARKI,val
D286HKI9,val
D2FHUMQK,train
D2FM2VAG,test
D2MZCRC1,train
D2PCNUIY,train
D2RU75UE,train
D2V7XVBZ,train
D3JXXDTQ,train
D3OXNUPI,train
D3RDLBFP,train
D3Y1M3C4,val
D45D5ZPX,train
D45IMYI0,test
D496VCY0,test
D4A3DOQS,train
D4BU9KI0,train
D4G6I2UO,val
D4HY4H7J,train
D4I2H9T4,train
D4YUTOIN,train
D53VHUFL,val
D5OEOT8O,train
D5P1E8PJ,train
D5PORZIQ,val
D5R9FS44,val
D616Y9OO,val
D63ESN6Z,train
D63LS6BD,val
D69X8G1F,train
D6E89LCS,val
D6O51OX9,train
D6QPS33A,train
D75JAQ5R,train
D7F2ZAHV,train
D7MDUA2E,val
D7N63BL8,train
D7UQDTYV,train
D7X40W1F,test
D85ALY09,train
D87LBQF9,train
D8IZHAF6,train
D8TVG1ST,train
D8XCZPLH,test
D8YA2FIG,test
D9106IMB,train
D9H1YOYX,test
D9K58FB2,val
D9RP0K4S,test
DA3Y6WDW,val
DA6FV8JJ,train
DAA45BAU,train
DAF18PGY,train
DAP8S1EA,train
DAUVEPCZ,train
DAX8C31D,test
DBFVYMVF,train
DBHH82Z2,train
DBKAKV5B,val
DBXPD79A,test
DC1GOWJY,val
DC47GTUC,train
DCEVGNTG,val
DCOGOIWU,train
DD99Q0S9,train
DDJ8D39X,train
DDN0AN2H,train
DDNZZCGG,train
DDP2A362,train
DDXTC1DP,train
DDYHJR69,train
DE568XKT,train
DE5D0VJA,train
DECECA2P,train
DECHF0SO,train
DEEMGQZH,train
DEF0OBUY,val
DEGZO4QP,test
DEONNI87,train
DEQ7WPEG,train
DES6A2TF,train
DETBGOQ7,train
DF6EGDYL,train
DF906D9E,val
DF9NC7V8,train
DFCVSR78,train
DFCXI1UN,test
DFGQKR0I,train
DFL2HI0G,val
DGFLKBDC,val
DGI6K00X,train
DGSFGFWI,train
DH1H8BTZ,train
DH2DQP5L,train
DH8JYA7W,train
DH8PVIEC,train
DHCGQG9X,test
DHDQA2CZ,train
DHF8G8JD,val
DHX4XRUA,train
DI66JW40,val
DI94VM2Q,train
DIEWUWGE,train
DIHD705Q,test
DILQWT87,train
DIP7UMJ1,train
DIPF76MH,train
DISEEXME,train
DJ1U5S84,train
DJ36Y7SZ,train
DJ4BHALE,train
DJ7TPFS2,val
DJ84Q5IO,val
DJBKUDFL,val
DJFM8FXT,train
DJFUWDXS,test
DJIFHBJV,val
DJKF6ME5,train
DJOWYIWX,train
DJXR75H7,train
DK7XPZCJ,train
DKAVTRDL,train
DKEFDE3K,train
DKMTQSXF,train
DKNF5BRE,train
DKOEF4CQ,train
DKS73TZJ,train
DKSAKL1D,val
DKSSORE9,train
DKSVY0WJ,train
DKZ24EER,train
DL1SB6SE,train
DL24LHTL,train
DLAUT0ZY,val
DLDZ75IH,val
DLE5S2LP,train
DLFMACKH,test
DLH0NDXW,train
DLJP6DFT,train
DLQN6H0T,train
DLS0WVLV,train
DLSO2M6B,train
DLXUWTA2,val
DM7I94T3,val
DMDB3O4D,train
DMKMF5ZQ,train
DMNUNNBO,test
DN0X5QMR,test
DN9HAMH4,train
DNB4FT2I,train
DNBCH3US,train
DNDGYV6Q,train
DNDOCSE0,train
DNIJW9A6,train
DNIUAB7T,val
DNTMHDB4,train
DOAM7Z3W,train
DOD201UO,train
DOMEZ2XE,train
DOQ34WBH,train
DOZBHCZ5,train
DP1D9PW7,train
DPAXFKU3,train
DPCXLKEF,val
DPD2IT7Z,train
DPPQEP3E,train
DPQDD3FZ,test
DPTDFSAQ,train
DPV7NEPE,test
DPZIK29U,train
DQ5E06FA,train
DQ6SWD2G,train
DQ861G58,test
DQ8AOFCC,val
DQKXBL9R,train
DQNHI0XN,train
DR6GKMCG,val
DRARB89G,train
DRBZNLDU,train
DRI9R5BK,test
DRPBBZC8,train
DS0H5H7J,train
DS6FFP2M,train
DSDDXD9B,train
DSH5EFVW,test
DSL487R3,train
DSL4KA47,train
DSLC1Q1Y,train
DTEUR07O,val
DTJ3JVAX,train
DTJ7RX9G,train
DTWLLJWU,test
DTZTEHGQ,val
DU21ZPGN,train
DU9YWAET,test
DUANP3BG,train
DUBG9PYK,train
DUD2WTUE,train
DUL61J69,train
DUSA8838,val
DUU4ZLWO,train
DUU62FYP,test
DV2564QV,train
DV70CBUJ,train
DVEF4AMH,train
DVEFNDF9,train
DVFUJH8L,train
DVKH8JCY,train
DVL2K8DT,test
DVMK1WEI,val
DVU562S3,train
DVXFPOE8,train
DVXZX8G0,train
DW89N9YI,train
DWN49DJ6,val
DWQN37EU,train
DWWTHNQ3,train
DX6K22M5,train
DX80A38Q,train
DX9TVLTM,train
DXRG3IUG,val
DXVGUSA3,train
DXZSNT26,train
DY8H51GQ,train
DYA5VII4,train
DYAUSKSC,train
DYCQLPZO,train
DYP8G2X6,train
DYY7H79V,train
DZ4Z7FJQ,train
DZ9OBQXM,val
DZFSG77A,train
DZIIWZXK,train
DZIYA423,test
DZJHM1FN,train
DZRKDWGW,train
DZWTVPSH,train
E03N9PP9,val
E06EWYRU,train
E0A24H5E,train
E0HZAM5J,train
E0MT4HGO,train
E0MZO9US,train
E0VDEYR1,train
E0Y0NY8Y,train
E0ZNQKS7,val
E16RE3LZ,train
E17F129E,val
E19EUP6F,train
E1CYRA7O,test
E1JNWY4B,test
E1LYO15N,train
E1S0P15A,train
E1TIW73B,train
E1ZADAD0,test
E2ILJ0WY,test
E2IOSETG,train
E2MF6SHZ,train
E2NNCP9J,val
E2O0911G,test
E2RC9YAS,val
E2S086CC,train
E2Z2MB9J,train
E2ZHPW4R,train
E3303EME,train
E378ZF9C,train
E3974FJ3,train
E3H85V5U,train
E3HM3UTN,test
E3RDKLNS,train
E3WT59OR,val
E3WZAFC5,val
E3Y5MHN1,train
E3ZXRHQJ,train
E3ZYF079,train
E4193BR5,train
E41RRS90,test
E46UGC0Z,train
E4FWRTKN,train
E4OHD50S,train
E4RWDM38,train
E4RZNIY5,train
E4TFLPI5,train
E4ZKUZYD,train
E541623N,test
E59BZVGW,train
E5CXI8GS,train
E5DHQTAE,train
E5MAKGV0,val
E5R4PYYL,val
E5RRNUBQ,val
E5S7SXUL,test
E5ZBIYS6,train
E67F1OJW,train
E67OAXRC,val
E696IO25,train
E6A6TLBW,train
E6KKSYIB,train
E6NFZE7B,train
E6PEDT5L,test
E6PST92X,train
E6R3E40X,train
E6TAY5JQ,train
E6UJFJ30,train
E757A1EQ,val
E75D4ZKQ,train
E7FEJ5WS,train
E7G05GZ4,train
E7K39A5P,train
E7VJUZMS,train
E7XBV4OA,test
E80FYBRG,val
E80YNWAS,train
E8281L2H,train
E88B1XQJ,train
E88JJ8X0,test
E8DRFDTK,test
E8NV22JO,test
E8PYBBDZ,train
E8XWIK6X,test
E8YGINPJ,train
E9000VP7,train
E98EPQFK,train
E9DWA3W6,val
E9EM5GX9,train
E9ERSOLG,test
E9FVT7IT,val
E9IHPFBV,val
E9L2A51V,train
E9Y4XP2J,val
EA0QUZGL,train
EA8NQAJY,train
EAIESSFT,val
EAMOKKL3,test
EAQ3QK6M,train
EATJEQ5D,train
EB11GPOF,train
EB6LQ9SE,train
EB86B94E,train
EBA9S8EA,train
EBB3G5DS,train
EBB9EESH,train
EBB9P9US,train
EBECC1XU,train
EBED84CK,test
EBGKHAZ2,val
EBLFYXVH,train
EBNAHPKR,train
EBOXM7F5,train
EBP0KG1S,train
EBPABWAK,train
EBUTAF68,train
EC28J14C,test
ECG25NCG,test
ECHN68T3,train
ECJ00PVX,train
ECSZGPG6,train
EDDAD9OB,train
EDDE71IS,train
EDKEAV1S,train
EDYJXM8X,train
EDZEGVQV,train
EE0AWP26,train
EE8SXAKY,test
EECH2HZO,train
EEFJ2FBP,test
EEGMDV9H,test
EEJ1ANAV,train
EEMEMKWU,test
EENMVJXC,val
EEOO867F,train
EER45I4R,val
EEVULD9Q,test
EF0SYHQW,train
EF4YHKMA,train
EF6HU81M,test
EF8NQM2E,test
EFGI50NA,train
EFP34W8V,train
EFT3NX4Q,train
EFUNB2CI,train
EG1D1MF5,train
EG27FCEE,train
EG7LWBP5,train
EGB99QE2,train
EGI6L658,train
EGQENNI5,train
EGVC0XK3,test
EGYKBJG6,train
EH26DF2V,train
EH3T88MF,val
EH5V27LC,train
EH6LZXL3,train
EH8OVPO8,train
EHB2NCA1,train
EHDKY1DI,train
EHFOOKTD,val
EHKZ9UWZ,val
EHP7IFHO,train
EHTLOQVU,train
EHYZRDE9,test
EHZ9ZXHM,train
EI10PS46,train
EI3MXU6Z,train
EI8ZG3XK,train
EIHH1QTF,train
EIJHSE4S,train
EIPE1IFE,train
EISYYCLA,test
EITQ5M4Q,train
EJ56KRA3,test
EJ8SKS99,train
EJB2TMCI,train
EJJMSIMJ,train
EJJSRX24,test
EJKI9IKQ,val
EJWSHJXV,train
EJYM6CRA,train
EJYQJ497,train
EK3CX4V9,val
EK3UD1TQ,train
EK8LIQM4,train
EKAYSCJX,test
EKDIDHJW,train
EKDYW0FQ,val
EKN6RW87,train
EKPCTG9D,train
EL0ICZOD,train
EL6781VT,train
ELHEUPE1,val
ELJKN7K5,train
ELKJCHAK,test
ELMXX4KS,val
ELZODN5P,train
EM2LO4LT,train
EM3TVQJS,train
EM7L6O82,train
EMBI3VOD,train
EMHEMUD9,test
EMHEQ4SO,test
EMO0GLNO,test
EMVOJ3SR,val
EMWWJ7AO,train
EMYYS0N5,train
EMZ4UX7M,train
EN9SXBL8,val
EN9W686K,train
ENAS75HX,train
ENK6VVKO,train
ENO3Z4AW,train
ENW8HKT4,train
EO5QMBV7,test
EOETUVZ6,train
EOFYFVVC,train
EOFYQ6NJ,train
EOHXVFC3,train
EOJ6NRNT,val
EOLT45G3,train
EP5YTZUY,train
EPLU1RAR,train
EPT47EXY,train
EPTUNC67,test
EPXQ2GV3,train
EQ2CETNN,test
EQ2KVO4J,test
EQB9W2I5,train
EQDOUXQW,train
EQJTEO57,train
EQNOVGKJ,train
EQV52YHH,train
EQYXIWG0,train
EQZKVS7U,test
EQZVU0JM,train
ER2E0KMC,test
ER7QLOI2,test
ERE7QW6X,train
ERHLQZY7,train
ERHU7NDJ,test
ERL3HFEQ,train
ERN7ZDOL,val
EROIUU6T,train
ERSI1P72,train
ERTLPC6L,train
ERUGCOSF,val
ES0NVFK1,train
ES26S1E3,test
ES35070T,test
ES99U2JL,train
ES9FU8U7,train
ESDLRR9L,train
ESE308DV,val
ESEVBTFN,train
ESHPS1C8,train
ESMQ1ZP6,train
ESNMXZ55,train
ESSWXLMQ,train
ESTRZELC,test
ESYI4ZZ0,test
ET939N8X,train
ETEF40D2,train
ETGU6O18,train
ETI2KE0V,train
ETTUERJF,train
EU62EK8X,train
EU7VG481,train
EUFT4DK2,train
EUS0VGUF,train
EUT1HZPW,train
EV0B8DS2,train
EV8DSBPH,train
EV8XXAAB,test
EVCLAX8N,train
EVKG0L37,train
EVNZV1LH,train
EW0BFWUV,train
EW33LNM0,train
EW36A1KU,test
EW6760R8,train
EWBEQIGC,train
EWJHZNI4,train
EWRX81RQ,test
EX6YVEV0,train
EXB1VM7M,val
EXBMA5N2,val
EXERUOX2,train
EXH6PG1M,train
EXY4KVRR,train
EY5XT7E5,test
EY9KDESY,test
EYCDB61S,train
EYI5C0PQ,train
EYWU5LMD,test
EYXLTH8V,train
EZB0JJ6Y,train
EZK9BTUZ,train
EZNK5SDD,train
F02EYEDB,val
F09NBFID,train
F0H4SJMI,train
F0HV4ZVL,train
F0J5MD1B,test
F0LT3RQ0,train
F0XWN4BZ,train
F10LM162,train
F124Q0I1,train
F1D9E0AU,test
F1GYYVU2,test
F1K8NDHO,test
F1XPR0WD,train
F213HUVV,train
F221P0IP,test
F25L95CY,train
F2EK5D9K,train
F2QL0G04,train
F2XXHXKZ,train
F322SANK,train
F3COA8JK,train
F40SYM3P,test
F42T2LO8,val
F4GVDWWR,train
F4KR7DNM,train
F4TT3EJD,train
F53Y1NWR,train
F56Z9IUH,train
F5GRUYEB,train
F5LX5RTH,train
F5Q2TKQP,test
F64ZL1IK,val
F6940UU5,val
F6HOOJVX,train
F6MJNX8A,val
F6OLSRM8,train
F6YUD60P,train
F7E094GZ,train
F7GSFRPT,train
F80QKE9P,train
F81H50C7,train
F88U8O82,val
F8GVQ7JH,val
F8LDAS44,test
F8RFDMIX,train
F9185YMK,train
F94I4925,test
F9AQYZQ8,train
F9F1OCN6,test
F9FF0L0Z,train
F9FWC1TI,train
F9KHNCAG,val
F9PJSV9Z,train
F9W7KXTK,val
FA489FHV,val
FA4ZDYFW,test
FAEH94YW,train
FALE638R,val
FAOJ9UTU,train
FAQUVYVD,test
FAW1QWEN,train
FAX2CQ18,train
FB1WH2HJ,val
FB76AFSE,train
FBEA1MKD,test
FBFL512L,train
FBG5OQZ2,train
FBI1FLF6,test
FBJLVCR7,test
FC0QQNJ8,test
FC77MGTL,test
FCDGN2T3,train
FCHKKEDL,train
FCJWTT2T,train
FCMG18W0,train
FD7P3EYP,train
FD8RQ5WD,train
FD8ZGBZH,train
FDA0KA23,train
FDG73K2W,train
FDHMWL3B,train
FDJ4PLKR,train
FDKDOWJB,val
FDOAU3PS,val
FDPIOWX0,val
FDR7ACRH,val
FDYT96P1,train
FE3DAH3G,train
FEA4TH9R,train
FEBMP7P2,train
FEKGVO14,train
FEVJIU63,train
FEWC8OJT,train
FF2362SB,train
FFBNE23M,train
FFC0CLBR,test
FFICYU12,train
FFJQ2Q4N,train
FFML6BB2,train
FFZIP5EI,train
FG0KBER7,test
FG1CHFGI,train
FGTMTO9Y,train
FH121IF7,train
FH24TCC2,test
FH3HVKRB,train
FH59TIFS,test
FH61CRPO,test
FH8BN4IX,train
FH8D57VG,test
FH9LSW08,train
FH9SQHL0,train
FHEAG0Z2,val
FHF6NJ16,train
FHQB90JD,train
FI3WHSTJ,train
FI7W7GQC,test
FICZWYJH,train
FIENP5B3,test
FIJ5W5QX,train
FIX6CNRQ,train
FJ3TR5YR,train
FJDGT98W,train
FJDNIFVO,test
FJL2MRQ5,train
FJNYYT6H,train
FJSFHECT,val
FJVO9BVN,train
FK66YV98,train
FK7MIRG2,test
FKBZ0B4H,val
FKFLLO0X,test
FKXXZ0VE,train
FL59MU9Q,train
FLBF5HYD,train
FLG7P2LD,train
FLJYIB7F,train
FLL71G8H,train
FLNQSYNY,train
FLPXUS3M,train
FM1EAYAE,train
FM2TPJR1,train
FM6CH1JX,train
FMCFSI8S,train
FMG8ARQN,val
FMICWH6T,train
FMM7WM67,train
FMMXP98V,train
FMO0X8UT,train
FN42BEBD,val
FNGWTN0A,val
FNLZZQJU,train
FNNJOXHP,test
FNOH0S4M,test
FNU1Y1L6,test
FNY3X0VB,train
FO6FFORM,test
FO6GV3CI,test
FOAN5YEB,train
FOI5OWII,test
FOIL7ZKQ,train
FOMSZGZV,train
FONP3LYS,train
FOO5GCMV,train
FOP5BYEM,train
FOQJXLIO,train
FORDAAL4,test
FOTIE9MG,train
FOXJB8QY,train
FP4CYLNC,train
FP63MLUW,val
FPDPFV6J,train
FPEV17J3,test
FPF578BP,train
FPF69LET,train
FPHSSDLM,train
FPKP7QLI,train
FPOFLI9M,val
FPYMWV3F,train
FQ4WUK1V,train
FQ60U4JM,train
FQ61IXH5,val
FQ82LZVX,train
FQBSUOVY,train
FQK01QVI,train
FQO4H07U,train
FQZBWUDD,test
FQZQQPQR,val
FRGIDXM2,train
FRMIAH2T,val
FROLBR9E,train
FRPLIEGY,val
FRQPDTM1,test
FRR0P4F0,val
FS1I54AQ,train
FS688X62,train
FSTFF9SY,train
FSYIVKOP,train
FT4GZEKW,train
FT5779PI,train
FT5DQ7FS,train
FT71Y5Q5,train
FTBEOHD9,train
FTE48OKW,train
FTENURQ0,val
FTG1O6PF,val
FTJI39IG,train
FTKXP8Z6,test
FTL9K97J,train
FTNMH3A0,train
FTRVGZW1,train
FTTBDITH,train
FU8VWV36,train
FUB11ZLT,val
FUDUHSUV,train
FUF66AHV,val
FUN196FX,train
FUQDMZDH,train
FURRMF4T,train
FUTVA0PO,train
FV1MA965,train
FV8FU127,train
FVBPA5DP,train
FVK089XZ,test
FVYOX54W,train
FVZYVG78,train
FW2WNO71,train
FW4JQB19,train
FWDVHJNF,train
FWE5DZ3Z,train
FWFJGEM9,train
FWHLG0OR,test
FWRNCA5H,train
FWS647ZW,test
FX38JP2I,train
FX45SKPB,val
FXDZOPYV,train
FXKEETSB,test
FXKYVYRJ,train
FXOQF6BT,train
FXVYT32L,train
FXW31TFI,train
FY2OB8L4,train
FY2TE0X3,train
FY3S9INW,train
FY5SHWZ7,train
FYQDLJLM,train
FYSGXL9N,val
FYXJVYN1,train
FZ0ZYLVD,train
FZ2AWJR6,train
FZ35HPSS,test
FZ3VBE69,train
FZ45K3H5,train
FZ8MB24I,train
FZD03AQG,train
FZLCCDVA,train
FZT7L6M0,train
FZWYMV9Y,train
G0CP49T2,train
G0K1G8MN,train
G0M8V24G,train
G0N4619K,test
G0R64CWV,train
G0T8SD65,val
G0WETEQO,test
G0WNEML0,train
G0Y9Z673,test
G10OAZAR,train
G12PPS43,val
G18L6LCC,train
G1CH05FR,train
G1CJ54KD,train
G1GCF1NW,val
G1J1K2PW,val
G1KENWMH,train
G1RVNYRS,train
G1UF5OXJ,train
G1XNDBPZ,val
G1YALK13,train
G23VWSBO,val
G29B7BWX,train
G29DBDTB,train
G29VX9KV,test
G2AGOWTG,train
G2C3FNM1,train
G2JY496X,train
G2RZQXZG,train
G322PDMD,train
G35E874N,train
G3EIM78C,test
G3F0D3O7,val
G3JVQ78B,train
G3PZW8HA,val
G3RBKHYN,train
G3S2RDAA,val
G3TEVQJ8,train
G41KC2SD,train
G48POW0W,val
G4D9LJIH,train
G4DSMFUN,test
G4G2Z90O,train
G4GBIIBD,train
G4J6QW48,val
G4KKV8T0,train
G50KDYYR,test
G56AV35U,train
G59ZGAUR,train
G5B3FHGR,train
G5CC3430,val
G5J6848N,test
G5QKDYCJ,train
G5VU5E3K,train
G5Y35JOY,train
G6D6SGEV,train
G795SR7J,train
G7AQ5UTW,train
G7JP5IFQ,val
G7SEWSO7,val
G845I8Y4,train
G86X0LAT,test
G87CPC99,train
G8COUMQQ,train
G8DBJET8,train
G8FX3KVS,train
G8G9SWMZ,val
G8HNIN3B,train
G8NIJNHG,train
G8Q0TUZM,train
G8RDRKEK,train
G8U9R5F4,train
G8WWOBWK,test
G901E5A0,train
G91YJT6J,val
G94PTGDP,train
G988R1SS,test
G9N9AMPC,train
G9NGJ1D1,train
G9OMSYCE,train
G9ZYXQEF,val
GA15NU91,test
GA1GFO0F,train
GA2BE0RI,test
GA4RJQ2U,train
GA6NQ604,train
GAHDQZJ6,train
GALNX5NJ,val
GASNGHOR,train
GAY21UBO,train
GBCSLVGZ,train
GBHYKFTG,train
GBIS0K4A,train
GBKY466G,train
GBL50Q27,train
GBRDGSYT,val
GBSPIPR5,val
GBTQSP7J,test
GBW44VTH,test
GBWKYZPL,train
GC2D0LI6,train
GC47XCHF,val
GCJ95GRL,train
GCO0MFGB,train
GCPAL7EJ,train
GCQD4ZUX,test
GCSBLBRW,train
GCW9NROM,train
GCXKHMZI,val
GD2ZNTXW,train
GDBIKUO6,train
GDKZX8MB,test
GDOBQJTY,train
GDYUBF2X,train
GEF5PNYK,val
GEO7CTMG,train
GET040NM,train
GEVU43X1,test
GF4T58MM,train
GF780FXO,train
GFJ4BMRI,train
GFT6ZDV5,train
GFUKJLQU,train
GG143OH0,train
GG4PAUVV,train
GG8MGEM7,train
GGKCIZ33,train
GGO2U3XV,test
GGORTOQO,val
GGSPNTV6,train
GGTCNWKH,test
GHCFK7TF,val
GHFBXAJY,train
GHHQTC0W,train
GHHUTE2N,test
GHOFY2N6,train
GHVBJ691,train
GHVOD8HD,train
GI2TH8CS,train
GIDESVGS,train
GIES63NS,train
GIGS057L,train
GIL37DFM,train
GIOIY0CA,train
GIQGN81C,train
GIS93775,val
GIUICTYE,test
GIZ16HQ2,train
GIZJJIJ3,val
GJ15HKXD,val
GJCPRH8J,train
GJFK725V,train
GJFLLKZ8,val
GJLIUOYK,train
GJQQXHF3,val
GJRG9TTL,test
GJRP9WZJ,train
GJVHHRLE,val
GK1LWFT5,train
GK4LJ3VE,train
GK4X73HZ,train
GK942MLQ,train
GK964E58,train
GKA8VFYJ,train
GKH8TCVD,train
GKHB61OF,train
GKL6X69I,train
GKLV3UKH,train
GKMX83XQ,train
GKNTK5K4,train
GKQN63X9,train
GKRV8C6I,train
GKS7BRGH,test
GL2X64LN,train
GLCYSO8P,val
GLLHQ3D2,train
GLNK3M4J,val
GLR6IYR1,train
GLS147U8,train
GLSMKDKC,train
GMCZTSDA,train
GMIICNZE,train
GMOF8HPG,train
GMP7SBSA,val
GMRITAD0,train
GMUWXJJ9,test
GNKN8BSQ,test
GNTZJI4L,train
GNUM5M02,val
GNV449VA,val
GO4M2S10,train
GOIFCJ8V,train
GOIUO04J,train
GOJ23GFF,train
GOO4O5UF,train
GP3B0ELJ,val
GP4FBUFC,test
GP7ZYEHN,train
GP9BYMUB,train
GPNLUAPE,val
GPQMLPP4,train
GPZY5S4R,train
GQ4FXL1A,test
GQ4NKPEW,train
GQERAS4A,train
GQGCTNIJ,train
GQLLZF1N,train
GQQ9XXRR,val
GQTGE1GJ,train
GQTRBMUB,train
GQX7WS0E,train
GR0OPTU9,train
GR5N8NX1,train
GR6J7H2H,train
GRBC47JS,train
GRC728PU,test
GRGJ1CIS,train
GRK0X6QD,train
GRLF2YMB,train
GRQBWS1F,val
GS3AO107,train
GS9KETH2,train
GS9O3T12,train
GSCVSPAA,train
GSEJ88WL,val
GSH72BRJ,train
GSIEHMSG,train
GSMEDVHP,test
GSQWNLTD,test
GSZI4N92,train
GT0UJ8B6,train
GT8PIK2S,train
GT9DGJLY,train
GTFDULSP,train
GTK7OX46,train
GTPUVTSE,train
GU2SBEHX,train
GUE4IQDF,val
GUFUPC3H,train
GUMFN8EE,train
GURH4LSF,train
GUXTMPUT,train
GV0MZDQJ,train
GVD9L4TG,train
GVSNVTN0,val
GVWMOZB7,train
GVYX41JA,val
GW6O0IIK,val
GWH2YA4Q,train
GWIYTC34,train
GWKCININ,train
GWLFGIPB,train
GWT4NCYX,val
GWTA0D2J,train
GWUOU01D,test
GWX5KM0W,train
GWXXLB5U,train
GWYQYH4X,train
GWZC93FI,train
GWZLVRGI,test
GX16XO4C,val
GX3ZW1EG,train
GXDD9QQV,val
GXEFTLBH,train
GXNNM3MC,test
GXQ5BIHZ,train
GXTWT6II,val
GXYKWUTE,train
GY0QXLM3,val
GY3HPBSU,train
GY42GGYU,val
GYIUDT9S,train
GYMNALT6,val
GYQBGR69,train
GYTMUZ74,train
GYVGZ9V1,train
GYY4FRJS,test
GYYL9PNW,train
GZ33G6DI,train
GZBBMZ6N,train
GZL9JJM9,train
GZLFG0PE,train
GZMU2C4S,train
GZPCGDJB,train
GZQ3C1YM,train
GZT5K4A0,train
GZWQLREU,test
GZX4XXG2,train
H029HPI1,train
H04AQY1T,train
H0597FFU,test
H0AOWY84,test
H0AR80GW,val
H0E3UPSL,val
H0EXONVQ,train
H0MFO2LL,val
H0ZQ952P,test
H143M8ZQ,train
H173NC56,val
H1CLFZFM,train
H1DM0G2G,train
H1EL5IQ5,test
H1F7PEGH,train
H1JALD4C,test
H1TR79UK,train
H1WE36NP,train
H1YFCRQO,test
H1ZGCMBQ,val
H20PC9GG,train
H210N9L9,test
H29JOFSF,train
H2LH43FK,train
H2P9I8WG,test
H2UV0RLJ,val
H2XFSLF3,val
H2ZOQGHV,train
H31NBXJW,train
H38XPCH2,train
H3D9G2GQ,train
H3GYHWR6,val
H3J2WPZ4,train
H3LD67D2,train
H3YK3OYI,train
H41IU86V,train
H45MRVXV,train
H4B3TMNB,val
H4B7XFHB,train
H4H8VCD2,train
H4IYT5IX,test
H4L0T5TF,train
H4NHIJQW,train
H4UZCVNU,train
H4VAFQH4,test
H4VJI4FU,train
H4YJT7QQ,train
H58QDBDW,val
H5ESS1HV,train
H5FMWXBC,train
H5MDE5UH,train
H5OB3XY4,train
H5PBEMIZ,train
H5TERFQJ,test
H628H2HG,train
H66VOR2R,train
H6A9WYZQ,train
H6ADBM2U,train
H6GTC8WO,train
H6HE6VWS,train
H6IN7UTY,train
H6OMTRDA,train
H6P6CT2Z,test
H6QFNB2E,train
H72634GV,test
H745DH91,train
H74WVTIZ,train
H7CBNQYY,train
H7DRZT38,train
H7SD88YM,val
H7TIVDCV,val
H8EK63V4,train
H8L43QPD,val
H8LCYDX2,train
H8PTIU1F,val
H8TCCARN,train
H9BVZ7Q6,train
H9CH4U03,train
H9CSEGDD,train
H9D7ZO37,train
H9T7Q2O9,test
HA4S3G8W,train
HA63XRFH,train
HA7L3ELP,train
HABNX68T,val
HAF6MNQ7,train
HAMPDSJG,train
HAOS91CB,train
HAS11JD2,train
HAVUEFFB,train
HAXNYNJS,train
HAYGYZDB,train
HB3ZBMXB,test
HBDBBVJP,train
HBFDX99F,val
HBNIKUNJ,test
HBQV587J,val
HBX5GOU7,train
HC4G7MPJ,train
HCBVO71B,train
HCDKQLXF,train
HCR9YTU8,train
HD8D4JOD,val
HDB3HYE7,train
HDD4BPI6,train
HDKR9U3N,train
HDOC8RWL,test
HE090ND9,train
HEH899RI,train
HEOH14U0,train
HEP7GJZE,test
HES65ERI,train
HEWU0XF0,test
HF49K1G6,train
HF50T7GC,train
HF5RFML5,train
HF72YJXX,train
HF7M8TE8,train
HF9F9PZY,test
HFAYIMIW,train
HFB1VYW8,train
HFDOZI5S,train
HFH80KGJ,train
HFJICYLC,train
HFYT42L0,train
HFZ848X0,train
HG062PJR,val
HG0NNSYZ,val
HG5JTVA4,test
HGBCEU1V,val
HGK3V729,train
HGW37XQV,test
HGXV34AD,train
HH0U3P3R,train
HHJXLPQF,train
HIF9O7Z2,test
HILIB2DF,test
HILODVPL,test
HIR0HBGP,train
HIX0VEEH,train
HIXUTWPP,train
HJ4A77HA,val
HJ4L4VIW,val
HJ8YP9YP,train
HJC0FQC0,train
HJCEWS4Q,train
HJFP01NK,train
HJFYPAH2,train
HJIKVTMQ,train
HJN1MKEJ,train
HJXM9V2V,train
HJXY8NR7,train
HK43EYLX,train
HKC75PL6,val
HKGU4RSG,val
HKO0ZVSS,train
HLC6AGDR,train
HLK76QJF,test
HLYTI9OS,train
HM2TSOJQ,train
HM43XJI8,train
HM5HWGR0,train
HM920I8B,train
HMJPS3D2,train
HMLAGVNC,train
HMR1GVBQ,train
HMVPFR8L,train
HMXA6YO7,train
HN3LFDNZ,train
HN63GNHL,train
HN89XLKI,train
HN8KBV0K,train
HNAJ5OHT,train
HNBKX6ZW,train
HNFKQ3YE,test
HNJ8OGI6,train
HNK2ILTD,test
HNK5MLG9,train
HNXFRWI2,train
HO41ONBW,train
HO468XVW,val
HOBGE1MT,train
HOGQ697J,train
HOONBRX6,train
HOP3FAUL,train
HOWO67XV,val
HP2MJAQD,train
HP96CIQQ,test
HPCJK9LQ,train
HPEMU06W,val
HPFDO75X,train
HPNH7D2N,train
HPOA330B,val
HPQ63SLS,val
HPS0QNCN,train
HPSVH8UH,val
HPWG91LV,train
HQ386J85,val
HQ3O2UK5,test
HQ6LK5KP,train
HQF5RMR8,train
HQFYHTVA,train
HQHZ6D7M,train
HQQ08QUX,train
HQUUQALN,test
HQV347TN,train
HRAH3LXZ,test
HROALT92,train
HRPFNSBO,test
HRZ65DDD,train
HS3M8U3G,train
HS66UJ0N,test
HS873E7E,train
HS8Z51CS,train
HSB42SCR,train
HSCWAE39,train
HSH8IYP9,train
HSIZBDS3,train
HSMPNG71,train
HSNNK69R,train
HSQAVF9C,test
HSWPR0XE,train
HTBWVAYP,train
HTMTN7IE,val
HTRF1KF4,train
HTSJ74WA,train
HTU6IP5S,val
HTUDIAB8,train
HTYHH7LY,val
HU0N6SL1,train
HU4LTTZS,val
HUMGHHC1,val
HUQG4R4M,train
HURGT88D,train
HUULAPWP,train
HUYZIA6L,train
HV1SNWJ3,train
HV8DOPYU,val
HVCCK7RH,val
HVMCRWAQ,train
HVQZFUS9,train
HVRTES3E,train
HVUL7TB4,val
HVVYSTHV,train
HVXIFKV9,val
HVXPBCOS,test
HVXVF4P3,train
HW3YZVAD,test
HW5JV31F,train
HWC4HRUH,train
HWLXP5YG,train
HWO714QF,train
HWRM9B94,val
HWU62513,test
HWULC5L4,train
HWUUDGIL,train
HWZFLK15,train
HX1J5HLC,train
HX72PYRS,test
HXCP3AAM,train
HXLL1Q23,train
HXLVMT0K,train
HXVJCWZU,train
HXVQSPF9,train
HY3K2VKU,train
HY4NU6E4,train
HY79NXW3,train
HY7P50HV,train
HYDLOGP5,train
HYGL68YZ,train
HYGY8IIJ,val
HYH7M6F3,train
HYK7W3S6,val
HYKES0CW,train
HYLKR491,train
HYUQ0YS7,test
HZ1KH1DK,train
HZ6H23R4,train
HZ6TS8MY,train
HZASJ2JG,train
HZB9L862,val
HZDGJOAW,test
HZDS07CY,val
HZDVIVQE,train
HZHOF7EN,train
HZN19M9Y,val
HZWTWJ7N,train
I03EI4RN,test
I07BWKNY,train
I0PO6LGR,train
I0RS4UHJ,train
I0SHMGS1,train
I0UD4936,train
I0VN1B7I,test
I0ZZX7L9,train
I110AY8G,train
I126N2DC,val
I14IKFRG,train
I1REM9RW,train
I1RRDNCI,train
I1TFJ9O3,val
I1VJO50A,train
I1VNXMDM,train
I1YSPNCP,train
I24EB0HU,train
I271J4WE,train
I2DLGDYC,train
I2L3JHHJ,train
I2NU86I1,train
I2O9RVUV,train
I2Y8VFJJ,test
I3074Q60,train
I32Z82IG,train
I36QF25I,train
I3GZLZ75,val
I3PPL7OS,train
I3YV0L5X,test
I43RDOU9,train
I480C8RM,train
I48XR7B5,train
I4A7ATB4,test
I4D043ST,test
I4IVMBF1,test
I4J8IHBV,val
I4LD9NS8,train
I4O3D66Y,train
I568MCJ1,train
I58O9S1Z,train
I59IIVW4,train
I5B4KZH4,val
I5E5U0WY,train
I5IN61JX,train
I5J42X3X,train
I5L3WAV2,val
I5YWTRE1,train
I66IYMS6,train
I6AN4JX4,train
I6HFFM54,train
I6PFU9AU,train
I6QOVPAI,train
I6UVFDT5,train
I6Y46FSL,val
I6Z9PX1U,val
I70F4113,train
I75T3TQC,val
I7EDM6TL,train
I7EREYA8,train
I7LC0SJF,test
I7S70I6X,train
I7VGC9H2,val
I7XOWQP4,train
I81EUHIP,train
I82O1PHU,train
I85GJ26O,train
I86CTU04,train
I87OO9HY,train
I8A3IZ9M,train
I8H9B4R1,val
I8I4AKTO,train
I8IJP3SI,train
I8KQ67P2,val
I8QKAUR9,val
I8QPF85L,train
I8U18C1X,train
I8Y2N3X2,train
I901YEBQ,train
I986ERYM,val
I99QZ4PI,train
I9G1QPY8,train
I9Z82CL0,train
IA0AUSVK,test
IA1GNXW0,test
IA3XFQDN,val
IA4BTV1A,train
IA94HRZP,train
IAWQR9K7,train
IB0T965A,train
IB60TSMZ,test
IB660N3N,train
IB9AF4B7,val
IBHB5HSK,train
IBL906O0,train
IBRL5LG4,train
IBTMICEO,train
IBTVBMDR,train
IBWMI1OF,train
IBZVIHDH,train
IC1JUFVO,train
IC2G1UNS,train
IC94ZNF2,test
ICIZL0IC,val
ICLPB2XA,train
ICLS8EWG,train
ICPAA8FR,val
ICX9AF8Y,val
ID5H0GVF,train
IDH0NNLN,val
IDIA0MMC,train
IDJY7D6E,train
IDO80YRV,train
IDU6LF8K,train
IDZI0Y6U,train
IE0BHD55,train
IE2N6ASJ,train
IE35YG6R,train
IE4H5MCB,train
IEC2I9ZX,train
IER9HEXS,train
IEYZ2371,test
IFBGV42A,train
IFM5A5T5,train
IFTNG8WR,train
IG014QS4,train
IG47OTTR,train
IG4AMRG3,train
IGE6VYMB,train
IGFG6ZLN,val
IGGF56PI,val
IGHN78FT,train
IGPTBZLS,train
IGW8FY7S,train
IGZU73W1,val
IH45M0NU,train
IH67ZB0P,train
IH7UKJOP,train
IHIN6JGW,test
IHS5BEVU,train
IHYYPPFY,train
II28SGKT,train
II5IDT3W,test
II92RZV5,train
II9MYEMQ,train
IIAPBG6E,train
IIEY5N69,test
IIFGERHN,test
IIN5D33V,val
IIQE8I3H,train
IIT1RSJN,train
IJ5CEUSC,train
IJ9DO0U5,train
IJGWGN0B,val
IJIQADJT,train
IJKR1HVZ,val
IJROXEMV,train
IJWKR4A3,train
IJZ1Z3YC,train
IJZ6RM4B,train
IK2TXXBM,val
IK37S8QV,train
IK7IDAW3,train
IK8FFY0V,val
IKA1HF6U,train
IKA7CAKR,train
IKCDWFAI,train
IKDN50M5,train
IKF5NVZ2,train
IKPPGKHU,train
IKU81W3T,train
IKWR11VB,test
IKXL3M99,train
IKY72GY7,train
ILALVOZ9,train
ILBR73KX,val
ILINQE78,train
ILVZCP3O,train
ILX7U8AE,train
IM888TGJ,train
IM9W2ZX4,train
IMA5FUPA,train
IMDP3XDT,train
IMK2ZTG9,test
IMQE4HA0,train
IMVT6HIJ,train
IMXC47EN,train
IMYYK6LB,train
IN9IQ76W,train
INHXC6MI,train
INJDXP9X,train
INMJTXY3,train
INMUT1EU,train
INN5YHF2,val
INRV2PIO,train
IO3MO1ZY,train
IOBAD6DQ,train
IOFEIFEU,test
IOI01QH7,val
IOQF5U8D,train
IP1BQHUT,train
IPI522H8,test
IPIWKAAA,train
IQMDA3L6,test
IQNCEWWO,val
IQPDOKA7,train
IQPUXA77,val
IQSW8EV9,train
IQZS88KR,train
IR1FL5T2,train
IR3JL6I6,train
IR6MWF9V,val
IRIU9FKF,train
IRJ2VTX8,train
IRK6O9OE,test
IRMOFYRA,train
IRQJVLLV,test
IRXN5DMU,train
IS4OKFT3,train
IS6HIFL3,train
ISRMAXCH,test
IST90LKX,val
ISZ1P17F,train
IT3VWV5T,train
IT9GHIP5,train
ITH0J4MM,test
ITH2BUI7,val
ITOYTA8G,train
ITSMKX8Z,train
IU0TIJDI,test
IU2PIA90,train
IU7MOM0D,train
IUAC8NR4,train
IUHRPJW8,train
IUJCNQ5P,train
IUKZMHPR,test
IUUKHPAF,train
IUWG027M,train
IV0OQAG5,val
IV6RW8D8,train
IV9N8IDD,train
IVAOILVP,val
IVC3LLBL,test
IVEWDYET,train
IVGU16IW,train
IVMXD9WX,train
IVNK4DU2,val
IVWHLUWR,train
IW4QCYZR,train
IW6TZO50,train
IW9HM6JN,train
IWJ58EJR,val
IWJKT4PB,train
IWK3PDE9,train
IWKX8GSO,train
IWP4Z1CA,test
IWPG5Z7Q,train
IWSG02SR,train
IWZNM66O,test
IX6M4EMA,train
IXI2LWYH,train
IXM5X7FO,train
IXNAQH1T,train
IXX3XHBF,train
IY10ZK51,test
IY5ITHIR,train
IYNMLHV6,train
IYZVEQD4,train
IZ08OE6T,train
IZ2GTE00,val
IZ698LKI,train
IZC9REYM,train
IZCVGGSS,test
IZFDD2F4,train
IZH134R1,train
IZIA9OBT,train
IZJLJDDC,val
IZOT8JK2,train
J00KJKI5,train
J01LGQKP,train
J04MESCA,train
J09AZZJ6,train
J09QXF5R,val
J0DVXKE6,test
J0SCJPPX,train
J0XLJXI5,train
J1HBAKTP,train
J1HLNEYH,train
J1I18N8M,test
J1KBADM2,val
J1NMPFIO,test
J1R9ZEEQ,test
J1WDW0U1,train
J23WH6L6,val
J2LVV27V,train
J2QS1ZZX,train
J2Y34M3L,val
J33OMD6T,train
J39KOUBW,train
J3ALBM1F,train
J3DM8Z7P,train
J3I2MM1E,train
J3J6WQ74,test
J3U3RX3W,train
J3VTEHQF,val
J42C7VC7,test
J4EQN1F7,train
J4JAL1DM,val
J4PU5WZI,test
J4VFZ58Q,test
J5HDYFFV,test
J5IL5OEK,train
J5TVC3XM,train
J60099TA,train
J6FDG0WJ,val
J6KP7WJS,train
J6LF6U3P,train
J6LZOXBF,train
J6Q5PZVV,train
J6X78I94,train
J7068QHJ,val
J72UM73Q,train
J7584KKG,train
J77EKH41,train
J77ENIIE,train
J78XI566,train
J7HHRFXQ,val
J7IQVE6X,train
J7KDK9FG,train
J7PL16F8,train
J7PXXUJX,train
J80Q12P1,train
J83K5THB,train
J86I8U4D,train
J8CM84CY,train
J8MZ8QDV,val
J8NCS086,train
J8Q3O2FO,train
J94KPVN4,train
J9FRMWPI,train
J9SG11Q7,train
J9V3YC07,test
J9VOF8T9,train
JA631G63,train
JA7XOTSR,train
JAA3PQNE,test
JAVB3NEQ,train
JB7M53R1,train
JBV3A3KF,val
JBVOZPTV,val
JBWPOE3M,train
JBZAGMV9,train
JC04USLS,train
JC0X65RA,train
JC8O1OYN,train
JC9LY47M,train
JC9TM5LM,train
JCA3LEFI,train
JCBVUNH8,val
JCKIC6E4,train
JCOCSHFB,train
JCPP1MAA,train
JD61V25G,test
JDA2QDV5,train
JDC52QVU,train
JDGU1LV7,train
JDRJZ40O,test
JDRS6D2E,train
JE92DA7Y,val
JEA3V06W,train
JELNT4EN,val
JEN8P7VA,train
JEO5K6DY,test
JEPHLF4L,test
JEQRBJYR,train
JES1VHHH,test
JEV7X8CA,train
JEYX0BIR,train
JF5MYLN9,train
JF6F3H8V,val
JF9TKOQV,train
JFFM34KT,val
JFFRRDIR,train
JFGUO01P,train
JFJZZD7I,train
JFKI1M33,train
JFRPYMO9,train
JFWJBDU3,train
JGBDXWQ9,train
JGJ8FPDD,test
JGJWS6AJ,val
JGOO8W6U,train
JGS53RPY,train
JGSFIGCM,train
JGT3JOF7,train
JGTZLZ8G,train
JH1PPU4L,train
JH1WBBT3,train
JH2JZKZ5,test
JH4UU4FI,train
JH52PMR4,test
JH7FTA7E,train
JHBY3LG3,train
JHCEQ5UD,train
JHFIXV0O,val
JHJZ1DIZ,train
JHOFS5BY,train
JHRF4W8L,train
JHT1V3RB,val
JHYQGFIV,train
JI37P4VS,train
JI78SBNM,train
JIDZB95R,train
JILHM46M,train
JILK6OUB,test
JINJSG1D,train
JIOJOQUK,train
JIQMKCOS,train
JIXO9OAE,val
JIXS1DE8,train
JIZO0OV9,train
JJC1Y3IJ,train
JJCMATN7,train
JJD503BK,train
JJHBF2RW,train
JJHJUQYF,train
JJJ7V9DJ,train
JJLQCQ0V,train
JJQBMOG3,train
JK3TK8AL,train
JK4DKRJZ,train
JK6YKYSY,train
JKBIWLNH,train
JKHS7MN6,train
JKKF50K8,val
JKRMM4MV,train
JKUS09J8,val
JKYX0HJT,train
JL51Y4ZD,train
JL894VSG,train
JL9A5DTV,train
JLCEO85N,train
JLF9PEJK,train
JLH7JHF7,train
JLTWEX4H,train
JLW3AY7Z,test
JM53ZALQ,test
JM7JOBXQ,train
JMBTR1B9,train
JMCJJ8OL,train
JMN392L8,train
JMNLR8RA,train
JMQXWQUI,train
JN0NGKU4,train
JN52PV0E,train
JNAKPYNH,train
JNGE9PW9,train
JNGUW4HM,train
JNI7688D,train
JO184GS3,train
JO3N1KRA,val
JO6CR3X4,train
JO7HWEKF,train
JO7MVZ4Y,train
JOGUH9N9,val
JOJIRZO6,val
JOLC8655,train
JOM84K21,train
JOMRKJ0H,train
JONKWMJ2,train
JOP3MR18,train
JOPDR3YV,train
JOTHYGYQ,val
JOU1L352,val
JOVZCMEE,train
JOW3IM6Q,train
JP21A8RB,train
JP6Q2IVV,train
JP8CRIOQ,test
JPK0ULWO,train
JPKBF80L,train
JPKLUK3H,train
JPM7EGD3,train
JPRHXCNF,train
JPS3KFGV,train
JPX8C7RF,test
JPXEX4V2,train
JQDLIV6K,train
JQGXNSHN,val
JQK89IX0,train
JQZJUO39,train
JR4OLVSA,train
JR5501KY,train
JR5FHRSL,test
JR6928SG,train
JRD1U7AW,train
JRE0LQNG,train
JRHWG4HH,train
JRWS5P5D,test
JRYRY945,test
JS5KVA4G,test
JSNG8GB8,train
JSSI3B44,train
JSYUBMYQ,train
JTBA3PGK,val
JTEMSEJ0,val
JTK9S62R,train
JTNN2ZUM,val
JTSPDE7M,train
JTX0OB0P,test
JTYXAY9G,train
JU64CW1T,train
JU6Y36TQ,train
JU9K02F1,test
JUAZ4D4W,train
JUBUQIVU,train
JUFPMWB2,train
JUJEIGAT,train
JUN4IWKV,test
JUPCYLTX,train
JUPKP8XN,train
JUQDRS57,val
JUT2OG9V,train
JUUSUFTK,train
JUV233VU,train
JUWVJ04Z,val
JVJB6SVC,train
JVLPGJUW,train
JVREY85O,train
JVUK8R90,train
JW5RYGWQ,val
JW623OET,train
JW8IUHLY,train
JWFA8HDV,train
JWK5ZJPO,train
JWMG6XSS,train
JWNNK3J2,train
JWT86LB2,test
JWZ0MLPW,train
JX49VBQF,val
JX76UI8F,test
JXCD3LO5,train
JXCJC2GS,train
JXT9P4UP,train
JY5FZ6BJ,train
JY6N9TC1,train
JY7C1G8B,train
JYBFST5A,test
JYIMVB6Y,train
JYIPZU75,test
JYMFZB4O,train
JYO7DXOD,train
JYTVG54D,val
JYWBKNPD,train
JZ5YFZUE,train
JZD7J1Q5,train
JZVDRVNB,train
K09AF161,train
K09J5P7S,train
K0CEXNCJ,train
K0EYBJXF,val
K0MKUPWS,train
K0N8YKCX,val
K0PI9KYB,train
K0VFQTMJ,train
K0ZPLT5J,train
K19EGXUX,train
K1GX6YVL,train
K1IHXYC0,train
K1LPCXSF,train
K1P5YI7I,train
K1VHZ6BZ,train
K1YFCLG7,train
K225HPSE,test
K23GSU7N,train
K24CT5MB,val
K268AT83,train
K28VLRSJ,train
K2CN1BYD,val
K2JU15AW,train
K2L5ER8C,train
K2Q90HP6,train
K2RW3LHJ,train
K2WS87GE,val
K2YXFSSY,train
K30N8WT7,train
K316728X,train
K33FHTTN,train
K34Z65M3,test
K35FQO7T,test
K3COZKOZ,train
K3F80FTZ,train
K3FMB142,train
K3O1A2AO,test
K3OSTZJO,train
K3PL5OQG,val
K3Q6K277,val
K3RD8BYU,train
K3V2EYP5,train
K3VUYAMA,train
K3WJUC2E,val
K3ZNHG21,train
K3ZUWVBS,test
K40K8UIP,test
K4FUD2UP,train
K4I2Z6A9,train
K4NTSIC4,test
K4RLNUCA,val
K4SBJW2W,train
K52YJWA1,train
K5BK43KW,train
K5CIWXRF,val
K5DX7M0N,train
K5FIBOHU,train
K5M3KUUF,val
K5NLTULL,train
K5PLSPP0,train
K5W75Z7G,test
K5YKGMKP,train
K64SSBSM,val
K686PW1H,test
K691UKJ1,test
K6A6UUEE,train
K6BSCO09,train
K6CJTDEV,train
K6HUEMFM,train
K6IBVFSI,train
K6P2MJND,train
K6RDL9GR,train
K6UATEDU,test
K6XGP99P,train
K6Z57C18,test
K711EA74,test
K732BAE2,val
K75X4VWF,train
K7D206VN,train
K7EK3HRU,train
K7J9C2H0,train
K7LPCW1H,train
K7SMD3VA,train
K7VL9WDT,train
K7Y6EPV8,train
K7Z8S1RN,train
K8AXP6N5,train
K8CJA829,train
K8NDJON8,train
K8NLQL0Z,val
K93VGZBB,train
K99GGNIB,train
K9BGFIM5,test
K9GHVZLS,test
K9ICHK0D,train
K9K7BBHZ,train
K9KHQXAR,train
KA143GJS,train
KA2DH3CR,train
KA2L1JWI,train
KA4M1PUT,train
KA5CIG1W,train
KAB8TFSB,test
KACB97BM,val
KAHIDPB5,train
KAV0TTIH,train
KAZGBLYJ,test
KB10XXEC,train
KB77IJ9C,test
KBA9722B,train
KBAJPBGP,train
KBEGQAJP,val
KBH62NE1,train
KBIECW5L,val
KBIHLUFF,val
KBKSBQH3,val
KBMOEF3G,train
KBNZUPKW,val
KBOJUMFH,train
KBS22V6Q,train
KC5WJWE2,val
KC6NL1G0,train
KC7RXN3F,test
KCFZ4YVU,train
KCQG35VN,train
KCQPEHTK,train
KCVXIXI7,train
KCW3NOKP,test
KCYTEC5V,train
KD0WG9LQ,train
KD84H4OY,train
KDBL4NYS,test
KDJCLA3M,train
KDYY6CCM,train
KE6GC142,test
KE8QM4BF,val
KEBPVA9N,train
KEET1SXH,test
KEMBC54J,test
KEXNAUV1,train
KEYXO3KS,train
KEZEYWNA,train
KF6X7A2C,train
KFC3U385,train
KFGOBZ4B,train
KFHLFMXJ,train
KFIQ8IR7,train
KFMG3MRK,train
KFSRQLLS,val
KFYETXT9,train
KG0M8UP0,train
KGKXZYPQ,val
KGW1FTOA,train
KGWBCRA4,train
KGXN4F2U,train
KH3UTD0X,val
KH7DBUJY,train
KHA6LZ6C,train
KHAKLPEY,train
KHKTJADU,train
KHP90T2Z,val
KHU2UBU0,train
KHWGDTLA,train
KI6MEOWE,train
KIC4A47K,test
KIE2P71Z,val
KIF3QINY,test
KISHEM3S,test
KIVPDKXB,train
KJAVZ019,val
KJD4QPQV,train
KJH4WZCK,train
KJNC52NX,train
KJQBKN16,train
KJUN2BIP,test
KK1JSH71,train
KK8DPL86,val
KK8LVLJA,train
KKAW7R3S,test
KKLHMGB5,test
KKLNXCKJ,train
KKNIYTJ4,val
KKO96UA8,train
KKP8DVLF,train
KL2J5LAB,train
KLE3PD7C,test
KLE9SGZJ,val
KLIWX9FC,train
KLJ2K9NO,test
KLJKHS5G,train
KLN6YETQ,test
KLNYMAPW,train
KLTCDBVK,train
KLW13KHN,train
KLYAH9P0,train
KLZT888R,train
KM1EQ1SK,train
KM1LTH3M,train
KM6R28QA,val
KMEY02QS,train
KMQ5KG7Z,test
KMW6ARN4,train
KMZRJWQM,train
KNBI57AP,train
KNEE8D6K,test
KNF738N5,val
KNHFM0Q9,train
KNQQ0DZY,train
KNROIRA9,train
KNVJG9QX,test
KOJNAGGX,train
KOX57SMG,train
KOXDZ2H0,train
KP1D6WC7,train
KP8UBIOK,train
KPEL1XBA,val
KPIIXJ8O,train
KPPXO9TB,train
KPVKFDGR,train
KQ6SJVH0,val
KQAV0BAB,train
KQGB9LP1,test
KQGUOO5P,test
KQJ3KS8A,train
KQJ9VHZV,train
KQLSMSQE,train
KQMVILYX,train
KQS5VTQG,train
KQUN9UMD,train
KR1HOQTH,test
KR1MKHR7,train
KR9171SS,val
KR9BYQO9,train
KR9S7S78,train
KRPJOMBP,train
KRS4AWSU,train
KRSOD2PL,train
KRT0CSEB,train
KRZMP25G,train
KS0GEW0G,test
KS0JH2WZ,train
KS6S2LL6,train
KS9WUVEC,train
KSAZ30OD,train
KSS3YNGL,train
KSSYIY4R,train
KT0XOUEG,train
KT8WYRMX,train
KTEJ5D7O,train
KTTL6IFE,val
KTTZEY3F,train
KTVGZLUH,train
KU7AQLFG,test
KU8LO3WT,test
KUBA8FXP,train
KUD17GT5,test
KUD59D9Z,train
KUEYGLBH,val
KUFSCDDZ,val
KUQKSSSR,train
KURCKB2P,test
KVEZT1TQ,train
KVHCQMUU,test
KVQBJBAU,val
KVSZU2A0,train
KVT3P5LU,train
KVUREQ2C,train
KW73AY9S,train
KWA3D68M,test
KWE2JHH4,train
KWIQIN82,train
KWKWVOBP,train
KWU52449,train
KWVN8OOS,train
KWWY5NO7,train
KWXJF3ZG,val
KX034WEQ,train
KX2OGZ7K,train
KX9X75BO,train
KXATA557,train
KXZ0YEVI,train
KY1XP5DP,train
KY3GP8ZL,train
KY4XUISS,test
KY55283B,train
KY6DMG7W,train
KYDB8EYR,test
KYF6WIEJ,val
KYLGBFTX,train
KYMCKLRN,val
KYQM9TJY,train
KYTWK08U,train
KYU7L6V5,train
KZ0J6AXP,train
KZ2RS1J2,train
KZ2SX6YN,train
KZ5NTTDH,val
KZ61UZ16,val
KZ6XJOSJ,train
KZFNSG54,train
KZK5K412,train
KZNC5EAU,val
KZNYZ6BJ,val
KZTDGOBD,val
KZZO8HIG,train
KZZOY8ZM,train
L08WZI3N,train
L0BOCIN9,train
L0IEXL22,train
L0NYPX9P,val
L12NT9FH,val
L18R4PP0,train
L1C1MJEJ,train
L1CFHBFE,train
L1N4PJXV,train
L1T6GYV3,test
L1UDODHW,train
L1XRR3VI,train
L25BW8DG,train
L2OF97GS,train
L2TIWPQD,train
L2V67RRG,test
L2YD5P2B,train
L38FTNOC,test
L3K1FAVS,test
L3KWSF7B,train
L3MV1FDM,test
L3OUMQ7F,train
L3VV6ACD,val
L435WQZ5,train
L4BPAOVH,train
L4FAOFRY,test
L4MLVMKH,train
L4PLPYRG,test
L4QFMYOK,train
L4WBL24C,test
L4XCM5KA,train
L56YA3F8,test
L5S8Q13U,test
L63P352A,train
L6F8DR2Y,train
L6FQ1XSW,val
L6J2IFN4,train
L6UZ8O8L,test
L6Y0GBIB,train
L7BG0ULR,test
L7DJ9NXE,train
L7OSKVHQ,train
L7RHLPLD,train
L860ZX1L,test
L86E8R1S,train
L86Q2QYY,train
L88DZ7MJ,train
L8EXPC2J,train
L8G3Z08A,train
L8O11UWE,train
L8TY7ZOR,train
L8WTNYDD,train
L8XZFS21,train
L8ZSA5DJ,train
L97KQV6D,train
L9MHIU9N,test
L9MUI1MV,train
L9O3619K,train
L9S7S455,val
L9S9DMG1,train
L9UBE6ID,test
L9UG6IG8,val
L9VVWN0W,test
LA1C2V6X,test
LA3GO2F4,val
LA7R51JI,val
LAHFES3W,train
LAIML62C,test
LAKD5BAW,train
LAP1CN3G,train
LAPH9Z0X,train
LASIRKI9,train
LATX46IV,train
LAWD65Q2,train
LB0ACYAV,val
LB23TETE,val
LB2QI4E7,train
LB4J4RBO,train
LB8MCP2W,train
LBAUBOU1,val
LBHQAJHF,train
LBIIM2BD,train
LBTOBSAH,train
LBWLODSY,test
LBXKH0VQ,train
LBZGBTT2,train
LC0ZQBPA,test
LC17DXFL,train
LC2YWZLT,test
LC3ADSP6,train
LC5DM9V3,val
LC7UHTGN,train
LCBRW5ZN,train
LCF5WN6L,train
LCVWU6WR,val
LCYLFN0X,train
LD0JY5CM,train
LD1F1JFF,train
LD34HL7Z,val
LD63FBPF,train
LD7P8Z63,train
LD7U7AZA,train
LDAK1RO0,train
LDBW34JT,train
LDJCZZ05,train
LDTH82CX,train
LDZIMG76,test
LE5RFEIM,train
LE8UWEN9,val
LEJ070TO,train
LENUYCR7,train
LER88GRL,val
LEV7P95S,train
LEW9CR9T,train
LEX5BYIS,train
LF0BH9FI,train
LFDUELMW,test
LFDWY11E,train
LFL2M48M,train
LFQ0MBHZ,train
LFV3T4NZ,val
LG0HCBQ5,train
LG8Q7LDO,train
LGAPA743,test
LGC8ESN6,test
LGCQ0J0V,train
LGPTVG2P,train
LGSRS0AI,train
LGU4ZP9U,test
LH0PSB28,train
LH1D6YH7,train
LH1W2JEY,train
LH5Z2AEP,train
LH976TME,test
LHBQI3AC,val
LHEDMDQF,train
LHEHLLG9,train
LHHJEC3X,train
LHIFRRF2,train
LHS9ZEZA,test
LIERPRSD,train
LIF0EJLW,train
LIKV0BSZ,test
LIOZ2L5F,train
LJ4TX7IG,train
LJIX1KZD,train
LJR5LD59,train
LJYDIT4G,train
LK2Z5KTX,train
LK5LUZ0A,train
LKBITNYD,train
LKC9N86Q,train
LKGIRP4P,test
LKIZSBA5,train
LKMOK0NW,test
LKMURJOE,train
LKNXCU90,train
LKOVU1F2,train
LKSSZADY,train
LKT50MPK,train
LKXC3858,train
LL2DV6HD,train
LL3PGAMU,train
LL9F1FXA,train
LLA8V5PB,train
LLC7MB86,train
LLKMUPZ9,test
LLVRWN54,test
LLW1PN1N,val
LM3SAOFO,test
LM4OJ692,train
LM4PU0CY,train
LMDO92QV,train
LMDZT4KF,val
LMHL1RXX,train
LMI0A9FQ,train
LMNHVZ3Z,test
LMSX2YFO,val
LN0ZQPC1,train
LN3SKR8J,val
LNA7G7AF,train
LNBG3GCZ,test
LNBH5F0V,val
LNIH6DYP,train
LNJI91DZ,test
LNRSO57T,train
LO39HTIW,val
LO43D5PQ,train
LO6KLY0L,train
LO9J4C7U,test
LOIWR9C3,train
LOJW6S3S,test
LONT99W3,train
LOP0CANN,train
LOSMUTST,train
LOY8FB5Z,train
LP6OTHWO,train
LPA2KLNT,train
LPIEO7YS,val
LPWP2BZC,test
LPZ1UQF8,train
LQ6WIZ9Q,train
LQ8ENR7U,train
LQB4PNGY,train
LQB9VWTC,test
LQOXR0WT,train
LQVFC4VN,train
LRCLHY3P,test
LRJF3MI1,val
LRJP3MI0,test
LRQRINAG,train
LRU41ATU,val
LS7PGVJK,test
LSA03396,train
LSABP5FP,val
LSBB8AG2,val
LSG3K1UV,train
LSKMV6NN,train
LSNRAQ2U,train
LSQJMWDA,train
LSRNMJQA,test
LSTUTWI6,train
LSV2FU81,train
LSW9QKJA,train
LT6PHQRD,train
LTTD2ZS9,train
LU29VW7G,train
LU9IMM1G,train
LU9JBXKU,train
LUKYL64V,val
LUMB5KAI,train
LUNVNAJS,train
LUV9FZ5N,train
LV0G8EV9,test
LV3Z8YKZ,test
LV4RU7OY,train
LVAWLPND,test
LVFLZ73F,train
LVG4LT28,test
LVJTQP6B,train
LVOMACTL,train
LVRH3QQ5,val
LVT2ZDZG,train
LW13BERD,test
LW4ZC0P8,train
LW6JHJ03,val
LWBL1Z1J,train
LWD2FJYT,train
LWI0ADI5,train
LWJRH330,train
LWNJ5VU9,train
LWVS6B0Z,test
LXAP67X9,train
LXCSBBVZ,train
LXWBUZOI,train
LY5FBJUI,train
LY8C21MD,train
LYCIGLPG,train
LYMX9G6B,train
LYRX3D5Q,train
LYVFNT24,train
LYW13M4I,val
LYX1ZYES,val
LZ08IW9T,val
LZ54JZ7J,train
LZJBKTJI,val
LZOVDQPU,test
LZSDWTZT,test
LZY9MJA4,val
LZYIBMTA,train
M0EZ8BFZ,train
M0LSSIAI,train
M0Q5SSXZ,train
M0S9WUAG,train
M14EDHRW,train
M14UCIZX,train
M199WYHE,train
M1A8GYIE,train
M1BJHX8C,train
M1FJ55XV,test
M1JGQLD2,train
M1K3MCCT,val
M1YXZWK6,train
M24O8L7G,train
M257TFS4,test
M28Y0OJ7,train
M2982Y8N,train
M2EWUDEB,train
M2HT72X5,val
M2L342C0,train
M2P2OK1Z,train
M2VPBP7R,train
M38M0KFB,val
M3AOW4Y4,train
M3GMNMU7,train
M3IUO3EJ,val
M3J3R2A2,train
M402H39C,test
M406FG1C,test
M42RRC3Y,train
M43Z5KF5,test
M47IB2JK,test
M4CYM5AV,train
M4GB4LZH,train
M4GEDINN,train
M4H67G1X,val
M4HQBD8G,test
M4IVFSMS,val
M4L935MB,train
M4RHD0J2,val
M4YRGBVO,train
M5382MAU,train
M539VVB2,test
M5T4ISF1,val
M5V3TKEZ,train
M5W4H5X6,test
M627J9FA,train
M65ZPJZ2,train
M67NP13G,train
M67Z5Q0A,train
M6954QY0,train
M6HSZT7Q,val
M6IA6ZRF,train
M6JE2PKC,train
M6KJX8WF,val
M6TOPE25,test
M74YMX54,val
M7E1GYDJ,train
M7JKJN82,train
M7LJAX0Q,val
M7PJDDX6,train
M7VGDC12,train
M8KXM35G,test
M8MJUZBT,train
M8RV05LJ,train
M8U8NCAJ,train
M8YI6YS7,train
M8ZMH0HB,train
M904GGC8,val
M95ADHAQ,train
M97B8D8V,train
M9C62TMI,train
M9CHS0NR,train
M9F2DAQG,train
M9NCLUJ0,train
M9YOZDI0,test
M9YXRJDD,train
M9Z1XRKS,train
MA7H3Z5Z,train
MA904MD4,train
MA9YS439,train
MAAFZG34,train
MAHU1H0F,train
MAK28I6J,test
MAUKM9BR,test
MAYYH04J,train
MBL9V4Y6,train
MBMXNY41,test
MBUERZH8,train
MBWEJAYE,train
MBZDXBIT,train
MBZU8RC3,train
MC7QHP67,test
MCRTYR62,train
MCS5QK75,train
MCTCZOLG,val
MCX0MAM2,train
MD4FNV57,train
MDAQWW3A,train
MDDRZ12Z,test
MDE7INXJ,test
MDW2EXP1,train
ME64BPUV,train
MEJ7X4QK,test
MENM6ZAU,train
METZHZ53,test
MEVRNPBH,train
MEX94X3H,train
MFBTU4BS,test
MFDKJP84,test
MFTKW5CR,train
MG2MWKSR,test
MG86YM2W,train
MGBAGWJ3,val
MGCNCJR6,train
MGD4D69O,val
MGD8Z0P8,train
MGI8EA3I,train
MGLAO9V0,train
MGSNOZUI,train
MGWT3VZ3,val
MH3KK5TA,test
MH7CG1EK,train
MHACZZCM,train
MHH4JCBQ,train
MHIHZ890,train
MHKBY0OV,val
MHNOHVAI,val
MHWX8Q3M,train
MHXJO11Y,train
MI40MUHK,train
MI7XIH17,train
MIARRMHT,train
MICUOCBR,train
MIE8J9JZ,val
MIFBCOXC,train
MIGFG6WR,train
MIPDWY5Y,test
MJ3WTBSC,test
MJLRBJ6E,test
MJNGKTU2,val
MJOBFFCF,train
MK5T1XK2,train
MKA01C09,train
MKB1MRV4,test
MKETTIUY,train
MKJL53RY,val
MKPXFR9X,train
MKQI6SIF,train
MLF0E2AV,train
MLHFXSMG,val
MLXGVUJ9,train
MLYI6HOZ,train
MLZSFUB0,train
MM3XH0PP,train
MM43VXMI,val
MM9S3QE1,train
MMCQWQNH,val
MMHWHA13,train
MMY451UP,val
MMZYH171,val
MN0H6EDS,train
MNOFW7MO,val
MNS2TYA8,val
MO5HJNM3,train
MOEE9C2E,test
MOLM2OT9,train
MOR7ZLXN,test
MOWVKA4S,test
MP0BP44Z,train
MP2SYYBS,train
MP2Y59CH,train
MP3YRCVU,test
MP7YM80C,train
MP8DJQMW,train
MPJB6FX6,train
MPRONSGV,train
MPS3IIGD,train
MPXCBVX2,val
MQ2WFX0W,test
MQ3I61WR,train
MQ50PY9X,train
MQ9EH1WS,test
MQFJS04K,train
MQH7YWW1,train
MQNYZU6M,train
MQR8SKTE,train
MR7U74OA,train
MRG40RSL,train
MRGLI71V,train
MRIKTSQS,test
MRK564GY,train
MRMDTJO8,train
MRV3CBG2,train
MRV3WZPV,val
MS69VHCX,train
MSCS67FY,train
MSO4C9Y9,test
MSOBC4FG,train
MSOYMXWW,train
MSP6T4TX,train
MSQ1IG7O,val
MSWL60XG,test
MT31CMXH,val
MT7THRK4,train
MTDSZ13Z,train
MTP4MWW6,val
MU0AZP0A,train
MUA68AZR,train
MUB2HJ1Y,train
MUFFQP3V,train
MUG4K0GY,val
MUGIECOU,test
MUNUXZH2,train
MUTB3Q2M,train
MUX9DGVC,train
MUXD3RW2,train
MV37WE6V,val
MV3JJJY5,train
MV6UM61W,val
MV74H0WA,train
MVBMILFV,train
MVFQISDF,train
MVIAF5UY,train
MVUZ1RXC,train
MVVW7PA4,train
MVW44Z22,train
MW2BT88Z,train
MWEL32IG,train
MWLHW2WB,train
MWSH2JE2,train
MWTWX9US,test
MWZHE56Q,test
MWZJDREF,train
MX2N2ODK,train
MX3QT1TM,train
MXA3PBHF,val
MXA4YY2H,train
MXJ1W95Q,test
MXJ5ILNB,test
MXTKZJP9,test
MY2ZCTJ6,train
MY43HFB9,train
MY7YA7PZ,train
MY9M70FN,train
MYFOO0C4,test
MYQ55205,train
MYS44SAC,train
MYU1LN6B,train
MYWY226R,train
MZ04DJGA,train
MZ24VM80,train
MZ35K9OW,test
MZAIH5NU,train
MZD9EJ9F,train
MZJGTSFZ,train
MZM348OH,train
MZQVKBCY,val
N00KHS78,train
N00LG40O,val
N01D9LS2,train
N07VP200,train
N0HFBWJ6,val
N0Q9Q515,train
N0TZNXR9,train
N0X2V47U,val
N149N3U0,train
N16YKKMK,train
N17HGIWJ,train
N1LRLCSD,test
N1X262S4,train
N1YRVA1N,val
N202YROS,train
N228NGVS,train
N29QXDK2,train
N2DB0UAI,train
N2F0ONBY,train
N2GVR8PX,train
N2QDS0QD,test
N2XA554J,train
N3B484FQ,train
N3HC1KRP,train
N3HE7X92,train
N3I6UY7J,train
N3JOCISK,test
N3VAF9MF,train
N42M6I3J,train
N43FBVVA,train
N45HNE1H,train
N4PDUQDD,train
N530BVW8,val
N544C1DL,train
N55LDSI5,train
N56Z3HS4,train
N5BKQNST,test
N5I0YJIU,train
N5P6DHE3,train
N5TC9QTP,train
N5ZJP1RP,train
N62BDAGN,val
N62TN2AV,test
N64ALDBE,test
N6OIHOQK,train
N74ZZ5O8,train
N75LDESY,test
N772R83F,train
N77DFZ8V,train
N7A7EOSF,train
N7GEZE74,train
N7OFZXLO,val
N7ZTNWQQ,train
N8419O3Z,test
N8471SJX,train
N84HZ3U7,train
N8BY3OJW,val
N8D2Q03A,train
N8ZCP7VL,val
N920B92Y,train
N932RYSF,train
N9705HIU,train
N9DIH6JX,test
N9I59R4N,train
N9M0S722,train
N9S8CAAG,train
N9ZMIKWG,train
NA72M3IG,train
NA7XPL13,train
NA8AG5V5,train
NABL5RM1,val
NAKRBNC6,train
NAR44DJ9,train
NB20U2PE,train
NB2DTXC5,test
NB8CZABM,val
NB9YMI6R,val
NBBBVOVB,train
NBBK33JR,train
NBBY86FX,train
NBF3O8O2,train
NBM8XP2G,train
NBOQKDL6,train
NBP8NHF1,train
NBPJZ2UP,train
NBU6HNFM,train
NBX2GKJX,val
NC13TDJR,val
NCAHU1GA,val
NCE5940C,val
NCGQARWL,val
NCLRT5YN,test
NCNUT9O0,val
NCXIHJ8G,train
ND7JR6U2,train
NDCKAO1U,train
NDNZQ9PT,train
NDPPDI8E,train
NDTD2HK1,val
NDVVVWS4,val
NDZKVIJ5,train
NE9PXF79,train
NEDTS49F,train
NEK23LC5,train
NESKS9PV,train
NEUSY3AR,train
NEX48ZBO,train
NF14HMXK,test
NFC6X2VS,train
NFSZTCYX,test
NFUYEHRT,val
NG0C3S5F,train
NG3VXHYV,train
NG41YFG4,train
NGDMAYQV,train
NGHS9EE5,val
NGLDIUR1,train
NGX9IS7G,train
NH32H68N,train
NH36I2LY,train
NH3YCR4A,train
NH5HHE0G,val
NHL836PN,train
NHMOB4VR,train
NHNO3ELO,val
NI2XZ0R6,test
NI4B2XS6,train
NI5D08FU,train
NIETWZ1X,train
NIFKA6X5,test
NIFW1RDZ,val
NIHU9XRR,train
NILFDC3F,train
NISU0YZY,train
NITP69Z0,val
NJ5JDNHH,train
NJAMGRTV,train
NJKJUB3Z,train
NJLA0X40,train
NJQMCR4H,train
NKI9GIT7,train
NKLNZ8FY,train
NKMUP2XU,train
NKS1VNMB,train
NL5K4N7Q,train
NLCHULUK,train
NLGMJRI7,train
NLIX8D53,train
NLNBQ85U,train
NLNS154P,train
NMKCV7QZ,train
NMN1UJGS,train
NMN7Q3Q6,val
NMV0OJ7G,train
NNAJU2UN,train
NNC2OVM3,test
NNE8ICTR,train
NNJT38Q0,train
NNN1VCR6,test
NNVWYV7C,test
NNWZ59NM,train
NNYNTWA6,train
NODZLKMZ,test
NON38ZMO,train
NOSUO0PD,test
NOWSWB1D,test
NOX606G4,train
NP5LF123,train
NP8KX9EY,val
NPA2QWSX,train
NPT8B4TA,train
NQ0ZVY8S,train
NQMT5C70,train
NR0CNC23,train
NR4M6RTM,val
NRFC8TNU,train
NRG3N4H1,train
NRTK42NZ,train
NRXJUXUR,train
NS0W4V9O,train
NSB3C7RX,train
NSDGVDN7,train
NSJ3P45V,train
NSJP73DN,train
NSKZUURF,train
NSLA6AB1,train
NSQBO89B,test
NSRHQBCV,train
NSSJBULZ,train
NSVUMKGQ,train
NSZDXB2J,train
NSZQY1OA,train
NT1ACI84,train
NTCOPL54,test
NTEQ7RLS,train
NTG7X0QP,train
NU34X53V,train
NU45PM4A,train
NU6AD79F,train
NU6WPMZ6,train
NUAS7Y8N,test
NUJ146VW,train
NUO5BJPN,val
NUVKPDV7,val
NUXVFBVB,train
NV0KSL12,test
NV57NTJD,train
NVCCZG1T,train
NVIB8W6P,train
NVMLNM96,train
NVQ8ZO8L,train
NVTQ3F0K,train
NVX35DOK,val
NVZ7LMZF,train
NW3MU6R2,val
NW4HYQMN,test
NW583ISC,train
NW6XWD6R,train
NWKMRGB6,train
NWN2ZRFJ,test
NWVOC93Q,train
NWYJJ7LO,train
NX01LYCJ,train
NXJ65Y7G,train
NY0TAPH2,train
NY8D009N,train
NY8QAL9T,train
NY9XZI3I,train
NYCXDJWR,train
NYUVN6GP,val
NYVE7A8B,test
NZ3SW2Y4,train
NZ70B2PE,train
NZ7TI6ZS,test
NZAC81WZ,train
NZDFZMSF,test
NZDN0PSW,train
NZI06FPU,test
NZOW4T23,train
NZPBGADS,train
NZSF7LNB,train
O07G532H,train
O0881QQH,val
O0BUBX2R,val
O0Q9S6AM,test
O0ZPBN2K,train
O1023N6T,val
O1BCIN9X,train
O1HPZ6MH,train
O1J5PFAR,train
O1LQ72U1,train
O1QC1UHY,train
O1TDKFNU,val
O1XFJCXG,train
O24GZW4H,train
O24I9WYT,train
O2DH4LSF,val
O2LJD258,train
O2OPIX2I,val
O2R4YB3O,train
O2S7EB6Y,val
O2SAFJHF,train
O3285SPH,train
O364RHBM,test
O3709CPN,train
O3E0E67W,train
O3JI640M,train
O3JQ0GNJ,train
O3NLMCH4,train
O41J71NR,val
O44VVHXC,train
O4DO251C,train
O4JANZLA,test
O4SZOG5F,train
O4UB20DL,val
O4X9KTFL,train
O4ZL7BJ3,train
O5SK0ZFB,train
O5XYYXNN,train
O5ZZJQ7K,test
O68YEGCT,train
O6IAOE2F,train
O6TSCMFE,train
O7ESQRAJ,train
O7HZTI8N,train
O7ML7EUD,train
O7UGV1G7,test
O7V6F089,test
O7YGH609,test
O83XGEW3,train
O8B914DK,train
O8D6ENC8,train
O8IZWVLH,train
O8L0GVFU,val
O8O71RZ3,val
O8QXB4NZ,train
O8X9HA4W,train
O96OFM8S,train
O9AWRXJK,train
O9H66SLI,train
O9J25TMG,train
O9LDFWTL,train
O9OJ37Q3,train
O9OYIGHR,train
O9TCH4EW,train
O9TTQI1N,train
OA0FE513,train
OA5RF3H5,train
OA9W0GIE,val
OAE75432,train
OAK81JIR,val
OALWIN6W,train
OAOAJ9MO,val
OATCYIH5,train
OAZMWC61,val
OB4CF7NT,train
OB5XIQZI,train
OB7W0KPJ,val
OB9OWQHS,train
OB9VZZN4,test
OBF9ZAZY,val
OBGK6RJN,val
OBHWT5KR,train
OBLB4BTQ,test
OBSE4DJM,train
OBSEZRWG,train
OBWXVRDT,train
OC200LZG,test
OCC2IV12,test
OCGGTDUK,train
OCIGUXDX,train
OCLAWYGP,train
OCPTHZMF,train
OCT5BMKD,train
OCT5W6QC,test
OCTTKGZT,train
OD5L1J6Y,train
ODTKO001,train
ODWU5QUG,train
OE6LBHIA,train
OE9K3W6X,train
OEFJ0JEJ,train
OEGWJYUX,train
OEHEIQE3,train
OEJY5U7E,val
OEM9NMGD,val
OERK7M4N,train
OERYZ1JY,train
OEY8FVL1,train
OEYOPJ5P,train
OEZATTK6,test
OFD2J4C7,val
OFIPG57G,train
OFKTAF5G,train
OFT9ZXD9,train
OFVJXEDO,train
OFYYWANL,train
OG7ZC96Y,train
OGAUZ7VI,train
OGF773B5,val
OGHHELLE,val
OGM7QNXH,train
OGRM5LUK,train
OGZQLVZ0,train
OH6R832X,val
OHOD4QM2,val
OI1K55XG,train
OI5E8RDX,train
OI6F7T8G,test
OI6YK72L,train
OI7CX0LO,train
OI7TM3RX,train
OIB67WEP,train
OID1QBJY,train
OIO37VFG,train
OIWO9EPV,train
OJ780CIX,test
OJ79RORA,train
OJ9O9W5B,test
OJB17IPW,val
OJIEWR86,train
OJKS1C3G,test
OJRWPV5B,val
OJTO4JQU,train
OJWFO3VO,train
OJXXI7UA,train
OK2IFDE9,test
OK4R0QNO,train
OK4ZZYHY,train
OKCTCEPI,train
OKYN1OFA,test
OL3B2XFA,val
OLDCPS54,test
OLMNEBXL,train
OLSOTGZX,train
OLV2Q4EV,train
OM0IM35Z,val
OM1NZI9W,test
OM26E6DG,val
OM2VPG6J,train
OM7DA3O2,val
OMGPRT1N,train
OMO3TX3L,train
OMSEBQ3R,val
ON12X188,test
ON5S11AK,train
ON73GTQR,train
ONFLHPP5,train
ONW45O4E,train
ONWT4NS7,train
OO0UZA1U,train
OO1917SD,train
OO4R13XK,train
OO4SCDQR,val
OODBDY61,train
OOIOERYG,val
OOK4GE9M,test
OOSJBRI1,train
OOT30WQY,train
OPE5CRG7,train
OPEK9AMZ,train
OPH4QJ7Z,val
OPM0P65M,train
OPR5BDA8,train
OPS5FKXR,train
OPWQNZ4F,train
OPX5SU44,train
OPY7E225,val
OQ1JEX8C,val
OQ44LBPB,test
OQ5A006X,train
OQ743BB4,train
OQQI4AD1,train
OQQLFWL0,train
OQYVIW8X,train
OR34PYNV,train
OR5UEQCX,val
ORAIC6KP,test
ORRH4ZH4,val
ORYRKGDR,train
ORYVRKVQ,train
OS29ZTK1,train
OS5IPA2C,test
OSC9UO4O,train
OSH9REQ1,test
OSQEGJHC,val
OSTML2UP,val
OSZCEW89,train
OT4ZPOH1,val
OTIFF6DL,train
OU0GLQU1,test
OU53LWU3,test
OU5LMYGO,train
OU7BISJM,train
OU7NH44L,test
OU80ABZ5,train
OU8TB7MT,test
OUAUSW7S,test
OUCANV31,train
OUE3FO6M,train
OUEHB8OA,train
OUIT7SP3,val
OUMKBR35,train
OUN9U6ZC,train
OUQ4A7S6,test
OUU6P0L8,train
OUVHIHWG,test
OV2CNF6K,train
OV5IIXQA,test
OVBDPBKU,test
OVDXWH7W,val
OVFG8XCD,test
OVJDKNFJ,train
OVNDDCKS,test
OVNHHAN0,train
OVNPOAUX,train
OVPCV1YS,train
OW0G8TKD,train
OW31FXSC,train
OW53QO3W,train
OWK29N7E,train
OWUAEG8A,train
OWXVBRP6,val
OX8Y2VCH,test
OXGSFVPQ,val
OXMS74UB,train
OXN90EG9,train
OXP0G51P,train
OXXR7MJ9,train
OXXXTUII,train
OYEXZBRI,train
OYFR042J,train
OYL51MZ0,train
OYP5IK6L,test
OYPSYPX2,train
OYQDMUUN,train
OYSNOUB3,train
OYU7U1IJ,train
OYYEJLXW,train
OZ0CKOJP,test
OZE1YYA1,train
OZMXXB0E,train
OZU8QB9N,val
OZVAFCWB,train
OZW04IAQ,train
OZZ4M7ET,train
P018KB2T,train
P0547OP9,train
P0BIXOZR,val
P0C7RGKM,train
P0FYCQPO,val
P0PZBT5D,train
P0XN1M8Z,train
P1BFQUQC,train
P1XSU2YT,train
P1Y60SCF,train
P238P0J1,train
P29W1N5C,val
P2P0T6HK,train
P2UNMPU2,train
P38AUGMZ,train
P3D5M40E,val
P3DR2V3K,val
P3J0CZMV,val
P3LFRY9X,test
P3PPGB8H,train
P3RVPG3A,val
P3ZLTBCP,test
P416U42A,train
P435P6BD,test
P44L44SC,train
P47KVI4C,train
P4B2LCAH,train
P4EZMBFJ,train
P4L7DW28,train
P4NJTV6M,train
P4RS2W5W,train
P4U8C6GP,test
P4W5D0YY,train
P4WX8EP7,train
P4ZJYLKJ,train
P5HGAVH6,test
P5INRFE1,train
P5PVDG2D,train
P5Q00G5J,train
P5VO7KDT,test
P5XCZHRM,train
P5ZCAUHT,val
P6190L3Q,val
P656E41N,train
P6HW43LN,train
P6NECYPA,train
P6VN53TL,val
P6XER9PE,train
P7A2KKJW,train
P7B9Y6MK,val
P7CZ246M,val
P7GZQY49,train
P7KKTHJD,train
P7QZKSLX,train
P7VI250E,train
P7XMZCUL,val
P7YTAMAT,train
P80FMANE,val
P83ILYG5,train
P86LH4Q9,train
P93QRRP9,train
P964LYJB,train
P968LSY3,test
P9E3XE9N,val
P9IOBR5R,test
P9SWC8XS,train
PA0JYLDV,train
PAAWJ2ZV,test
PADPS0DZ,train
PAF2QVG6,train
PAGKFTAF,val
PAKFM4QV,train
PAMMRNAV,train
PASCOR76,train
PASMDEBZ,train
PB10XN38,train
PBKKY44N,test
PBSFGKBG,val
PBX0RBPU,train
PBYOUZ7W,val
PC1X9BUM,train
PC2E02DZ,test
PC2H4E7J,train
PC4G2XGO,test
PC9PCTXT,train
PC9VAIU5,train
PCAC64BO,train
PCD90MHT,train
PCKK4QLO,test
PCMAJRZ2,test
PCV7NYVE,train
PCYZDVYE,test
PD0W3XZX,train
PD5DKDO9,val
PD78XH2G,train
PDFTJ23S,test
PDIXL3JZ,train
PDJHCBO2,train
PDYJ19CL,test
PE1FY2MN,train
PEAW9BBH,train
PEBBTNPI,val
PEEO84EU,train
PELFFNN6,val
PELJ78V1,train
PEM9KSVV,train
PF09KXFX,train
PF1JG2QQ,val
PF3H6MYU,train
PF69X2R2,train
PF7T33TL,val
PFHED335,train
PFKM68LX,test
PFUW0ZND,train
PFXK2EJ0,train
PG3MFOH7,train
PG41G8V5,test
PGANXWRV,val
PGCY5A6G,train
PGQ2IPFI,train
PGQKLWRF,train
PGSN65XD,test
PGTS5K6H,test
PH6LVNU3,train
PHBD3770,test
PHL2BUXH,train
PHTM5VUO,train
PHX42097,train
PI6TOX7X,train
PIA1GOUL,train
PIE4FR7M,train
PIJO47YZ,train
PIZOMVCE,test
PJ4PHK0T,train
PJ8ULPJ9,train
PJ9AOT2N,train
PJ9IY6US,train
PJAP6Y3N,train
PJFRAIYE,train
PJI507G5,train
PJR65DFY,train
PJRI2VQ3,train
PJWC8DQ7,train
PK313VSZ,val
PK4R1V0N,train
PK5MVH6B,train
PK6K7WWF,test
PKESQ451,test
PKH5INX4,train
PKQ52RL2,train
PKQNDOUG,test
PKSTZSIN,train
PKU918Y5,train
PKWJSMW9,train
PKY3MK70,train
PL06EMX8,val
PL1TD0VJ,train
PL60V1HD,train
PLA835Q1,train
PLK1QODM,train
PLK4SBVL,test
PLOU87F2,train
PLPAQTUU,train
PLWGAUGU,train
PM6NIT5K,train
PMW2MBG4,train
PMW31DLQ,train
PN81B5WM,train
PNB2C2QM,train
PNGIMCDV,val
PNOOX3CL,train
PNPIT1K0,val
PNRF6FX9,train
PNX57E59,train
PO2CHSK3,train
PO2D664Y,train
POBS9BO7,train
PODCZX0J,train
PODEEUIX,train
POFENRLP,train
POKTC9VG,test
POR7TO2E,train
POXSHLSC,train
PP00V3JI,train
PP4EHP9H,test
PPENDMRG,train
PPGDKXQX,test
PPPCJ9DK,test
PPS3YB3N,train
PPY3PEB0,train
PPZC548D,train
PQ0QURRR,train
PQ12I2FU,train
PQ2UCYTR,train
PQ3V2GHS,train
PQ6X2AWJ,train
PQ7VUX9Q,train
PQ8LGTN6,val
PQDGNG94,train
PQGFHO79,train
PQM3R02B,train
PQQFNX6D,train
PQU8M3BV,val
PQUIL3S2,train
PR1AHK6B,train
PR6Y3QMA,train
PR71RFJA,test
PRW2ITRQ,train
PRWMWTOM,train
PRX8HJX5,test
PRZO9BVF,test
PS0B1B4N,train
PS29BBDW,train
PSBTR7C9,train
PSEE38XV,val
PSEO9JDN,val
PSEXC6AW,train
PSHIO59A,train
PSON2KBR,train
PSXPANX2,val
PT0XTQNE,train
PT26W4XV,train
PT2MX16X,train
PTCU3MGP,train
PTIQSMP5,train
PTLM20ER,train
PTUFFST7,test
PU4WL4ND,train
PU84VXQ4,train
PUG5NUIH,train
PUQTRM57,train
PUSYP9W0,train
PUW8DFEJ,test
PUZ9U1M6,test
PV8WGLH0,train
PVHX3E4I,test
PVKWI7AD,test
PVLS8Y24,train
PVYU6FMX,train
PVZAMTH5,train
PW09DRPD,test
PW2OF1BP,val
PW47BC0Y,train
PW6JO8U0,train
PWCQCA0S,train
PWEVLE0C,train
PWGQTWIU,train
PWS3LUJP,train
PWX203O1,test
PWXZ17J4,train
PX8R19I8,train
PX9SU16F,train
PXDPGULC,train
PXEOA6YU,train
PXI6N8YT,train
PXIAUJAL,train
PY11SPP7,val
PY25C5TY,train
PY2VU6K3,test
PY6KX0E8,val
PYEMFTOS,train
PYH5JTQ2,test
PYPLTUAX,val
PYSVA1GL,train
PYVCEFK0,train
PYW9ZN2B,train
PZC94KD5,val
PZD1NUH9,train
PZH55X07,test
PZRNJBWT,train
PZWMM5R0,test
PZX4OY37,val
PZZDV266,test
Q021WBLX,train
Q0J7C1KO,train
Q0OFMZP9,test
Q0SK794K,train
Q0VJ6OVP,train
Q1AO18C4,test
Q1BFY513,train
Q1EOJDGD,train
Q1JP87JB,train
Q1R1YJHD,train
Q1W7BYZZ,train
Q2140FZ8,train
Q23N1WQH,train
Q23PJ4N3,train
Q2EVMR4K,val
Q2F38EPA,train
Q2FNR27Z,test
Q2IZCYU9,train
Q2O0LLKU,val
Q2PN68OW,train
Q2S5Z0SB,train
Q31W79X9,val
Q328SJOJ,train
Q35FPNB0,val
Q36DMOFP,val
Q38K4WOG,val
Q395QKW5,train
Q39PZBNR,train
Q3AP58WG,train
Q3BBZ9A5,train
Q3HQLAZ7,train
Q3LQDDJJ,train
Q3OQN12V,val
Q3S4PE1A,train
Q3SOF7AJ,test
Q3U4NX0B,train
Q3VZ6ZVB,test
Q3W0GYWF,train
Q46D5JHV,train
Q46DPV34,val
Q46PLTNI,train
Q48LUFK9,test
Q4BV9IVZ,train
Q4BYKZD2,train
Q4FT1GMN,train
Q4LJVMA8,train
Q4VDE5P5,val
Q4X9OTRM,val
Q51UWP19,test
Q5AD47HI,test
Q5DLNO02,train
Q5MG1BN4,val
Q5UVF2V3,train
Q5UYM4QL,test
Q60RWEDV,test
Q613Y4IZ,train
Q64WOZAO,train
Q66DV2QC,train
Q67GPF4H,train
Q69YFGZM,test
Q6DH28JJ,train
Q6GO3GNM,train
Q6HXP0SC,train
Q6J635PS,train
Q6KF1EF7,train
Q6NXFOYI,train
Q6SME61M,train
Q6U7JNJN,train
Q6W1WQ10,train
Q7HES198,train
Q7MDQ8I9,val
Q7QS5P3E,train
Q7YHLAG8,val
Q80H6Q1J,val
Q884184O,train
Q895VOJR,train
Q8SZNJW1,train
Q8ZL5T25,val
Q90VNS4U,val
Q9C5TABK,train
Q9CD9AP0,val
Q9DQAS9Y,train
Q9FD25IP,train
Q9IY2NQY,train
Q9W6YKCH,train
Q9WIQ5FI,train
QA99BU7O,train
QAGNNRZO,train
QAWOGKZC,train
QB0JHWAN,train
QB4VY9HM,train
QB6A0S9C,test
QBIFGBC9,train
QBKL6RZM,train
QBKW74U9,val
QBN41M9B,train
QBPT1964,train
QBSTUV30,test
QBSW2FSE,val
QBXQOETW,val
QC3KSE19,train
QCBE6769,train
QCLJQKSO,train
QCLOPLBC,val
QCRMX4O6,val
QCWCTKJJ,train
QCZB4ASA,train
QD8CCFHE,test
QDA0UE3F,train
QDA4YTJT,train
QDKBKPPI,val
QE84QB9L,train
QE9NPEHL,val
QEAB498A,train
QEC5Y5JF,train
QEEU1BXT,train
QEIS3XE9,val
QF6OB33B,val
QF7VGASO,train
QFCJ93V5,test
QFGTYCR2,val
QFJHILGV,train
QFOXEK2U,train
QFRA4MOE,test
QFS33OQJ,train
QFVSWKS6,train
QG5BS7U0,train
QGC3RHQY,val
QGK3U8RM,train
QGUDBWBB,test
QGUZWH2S,train
QGZ0VZ93,train
QH03ZNAL,train
QH8H76JK,train
QHABHL7W,train
QHAQXRI9,train
QHHSUX66,val
QHQBT99G,train
QHZYOW8H,test
QI6GIRR4,test
QIEHNZLK,val
QIISPPMU,val
QIL8HL2C,train
QILPNAGU,train
QISV5KF5,train
QIUT7ANR,train
QJ9Q2OOK,train
QJE207AX,train
QJF59CKK,test
QJHINNIR,train
QJMJ0A3L,train
QJNKJD3I,test
QJOF2JX1,train
QJOI1T5J,train
QJUU9SHN,train
QK5Y1ZWX,train
QK8IMNIY,test
QK8XC2RM,val
QKIQ1BJH,train
QKJGNCXQ,train
QKS9IZRV,val
QL0KCXRH,train
QLC4ZMWT,test
QLFGNSCB,train
QLIG7LTW,train
QLJUZBJ0,test
QLNGZRUZ,train
QLQ2MDL1,val
QLTGH6M1,train
QLXCRT2T,test
QLYSH1J5,train
QM1GKEU9,train
QM7HWZYZ,train
QMFS3JB5,val
QMJI33SP,test
QMO0G7VL,val
QMO7MQPZ,train
QMOPG4ID,train
QMYIL5PH,val
QMZ7Q90N,train
QN0AKKUZ,train
QN4A9DFH,train
QNAE9SVH,train
QNGX780X,test
QNISDOHH,train
QNJ8UYP2,train
QNKEJ65L,train
QNM5XFR2,train
QNMJUWI8,train
QNYGHP38,test
QNYPHY78,train
QNZPBEPO,val
QO64QS1E,val
QOBSX60B,train
QOJ7IG8W,test
QOJS8G8S,val
QONTGO5F,train
QOQV11HS,train
QOWD6G3A,train
QOZLJVX2,val
QPH6T8Z6,test
QPJ6M6TE,val
QPQ8JYU1,train
QPRCJK66,train
QPTK0QFV,train
QPWCH01E,train
QQ6QOWV7,train
QQD4SD6A,train
QQK9NQ8A,train
QQPY0C1J,train
QQUPZGTV,train
QQUYCRFJ,val
QQY1DSLW,train
QQZ0JMF1,train
QR0CJOCK,train
QR2OHD31,train
QR4EJKHO,train
QR4U0BBH,train
QR7XV508,train
QRB5HV77,val
QRCFLAVE,train
QRD0DYH6,train
QRU0V6G0,train
QRW8DR02,test
QRWU65HO,test
QRX4FJPS,train
QS29800C,test
QS5WM750,train
QSB8FH4B,train
QSES2X6T,train
QSHW6MHQ,train
QSI20I2E,train
QSKNPHK7,val
QSOD4ZSY,val
QSQ7HWHU,train
QSVRKSRD,val
QT1PAWK9,val
QT9BBFT1,train
QTE3D6XA,test
QTGARIDL,train
QTHZLAG4,train
QTN8X9IA,train
QTNMC46W,train
QTQFPVG8,test
QTWX82KI,test
QU98XVEN,train
QUEY2SC9,val
QUL5HBNB,train
QUMNKX1C,train
QUU6MO1W,train
QUVCILSA,train
QV6XDQG5,train
QV7LUC76,val
QVBLNE6M,train
QVGU8HD7,train
QVHU1D68,train
QVOFNHHE,train
QW2SH0OJ,train
QWB7VHUD,train
QWFF814F,train
QWNOQ25T,train
QWOZE42Y,train
QWQWI9EU,train
QWS71EVI,train
QWX66PZK,train
QX07YHW0,train
QX9KY4P4,train
QXC607Z2,test
QXS0DQRT,train
QXYRQRN3,train
QYB83RNS,train
QYCLX1ST,train
QYPOT6PW,test
QYVS1XY5,train
QYVSME2U,train
QYYLQX8Q,train
QZ2SWKDL,train
QZA9LP9T,val
QZE8HI8A,train
QZET6E2H,train
QZLC5HGH,train
QZNOE3OJ,train
QZX6OHD9,train
R0BQD0BE,test
R0KEPOT6,train
R0OBXCUJ,test
R0OURA1A,test
R0RVX0CP,train
R0VWUFDD,train
R0X0P31Z,train
R0X568K8,train
R18GB05Q,train
R1CW7Y4M,train
R1NBXXBE,train
R1NM4Q4S,test
R1UXO7LA,val
R1XLAJ2E,train
R24IBB90,val
R29F1ONF,train
R29GUM1A,train
R2OCLBEP,train
R2TMNMYN,train
R2UKYRWY,val
R314I45S,train
R38CBAGK,val
R3AVI741,train
R3R31EV5,train
R3SFFHSP,test
R3TUJL6U,train
R410BGDA,train
R42BSCZ7,val
R44XR1ZR,test
R45IFMM4,val
R45YYXBX,train
R475IFBY,val
R4H85MTK,val
R4IDETDW,val
R4MUCMJ2,train
R4THWP3F,train
R50WNNIO,train
R52FSKJ2,val
R5BS5EBD,train
R5BZZRYA,train
R5G16TN1,test
R5GKWIZI,test
R5L6LA5I,val
R5LXR5VE,train
R5M5G42W,val
R5Q9SGB2,train
R5S8515G,train
R5XBK2A9,train
R68G1VQI,test
R68QDT9C,train
R6A6CXK5,train
R6DXSJ4P,val
R6DYMI53,train
R6JDTY3A,val
R6PI58M3,train
R6W21TUY,train
R77IPOW2,train
R77QMVBP,test
R7JPIFN7,val
R7TVTO6N,train
R7YB9RS6,train
R80SL26M,train
R80ZN8R8,train
R825ON39,train
R82Z7JC3,train
R8IXN3ON,val
R95RNV1O,train
R95VTQEC,train
R9A9ICA0,val
R9ARDYZQ,train
R9AUX3W7,val
R9C2LTPB,train
R9DWMQAC,train
R9F53JOG,train
R9L37XVI,test
R9M2S1RK,train
RA09D8S9,train
RA3I14D2,train
RAGQ4PY0,train
RAV70TZ3,train
RAXIF42Q,train
RB5PQI1V,val
RB7H3K8G,train
RBCHUSK7,train
RBJTD3JU,train
RBTZ8UON,train
RBYBGJP6,train
RC9MCHSH,test
RCDKYTTW,train
RCIHYR5F,train
RCRNFDJE,train
RCS5Z8WH,train
RD5ZQD87,train
RD6TH79C,train
RDAER6LB,test
RDL6TTEM,train
RDR3CQ9Z,train
RDSKSDMJ,test
RDSSN28D,train
RE4YLV4S,train
RE6C4TTL,train
RE93M6WV,train
RECBKU63,test
RECRAC6P,val
REHN9VZ3,test
RF2PGXJQ,train
RF616YWY,train
RFAU606S,val
RFH8X8GY,train
RFMVGK0I,train
RFPQEUET,test
RFQ34ECW,train
RFR0G0KX,train
RFTM3JSQ,train
RFWM4NOR,train
RFYHY2BP,train
RG2G1A75,train
RG6I1M0Y,train
RG889QS6,train
RGG23XSS,test
RGUKCBOY,test
RGWFY5NF,val
RGYGHGQD,train
RGYPKJX9,train
RGYUDUYA,val
RH5T31K5,train
RH8QJIF2,train
RHECY9N0,test
RHQRUF14,test
RHX97NQ7,train
RIBQCDO1,train
RIH6NFO4,test
RIMS92KU,train
RISQJZZ4,train
RIY6HC6M,train
RIYCJA70,train
RJ5ZGJOP,train
RJ62M26M,train
RJ7BE6QR,train
RJB7QRY2,train
RJLGSNS8,train
RJOE6T02,train
RJQF2FBS,train
RJRWT2GY,train
RJTO3Q2Q,test
RK2U3N1W,train
RKK0VM7S,test
RKQL5CSS,train
RKVUDE73,train
RL6AD3HB,train
RL6B1BVA,val
RLHGSNV9,train
RLL4GRQA,train
RLUFGPSF,test
RLXN52O5,train
RLZNPBGM,train
RM9KRRRX,train
RM9V9AY3,test
RMHU168E,test
RMKJH7GX,train
RMT5WLWJ,test
RMUIBYVW,train
RMX8GP74,val
RN0RRKUB,train
RN12GHL2,test
RNK0QVTM,train
RNKEGPX4,train
RNLJMS48,train
RNP8LUNQ,train
RNYXF46H,train
RNZ7M8AL,train
ROBSHDOE,val
ROCVXKHZ,train
RONQRB31,test
ROPZII5T,test
ROQZNZNW,val
ROSH009X,train
ROSP5057,train
RP0DGLFQ,train
RP1GEW4X,train
RP6CAG7T,train
RPKLJ8TA,train
RPKMRI2G,train
RPKPEZ3U,train
RPRIWATF,test
RPWVQYSZ,train
RPXHI3DX,train
RQ2308HI,train
RQ2WB8DV,train
RQ3O64DR,val
RQ3WPX7D,train
RQ5EBQ8S,val
RQBS7W8X,test
RQIVPZJ2,train
RQMQ0L2A,train
RQNCVDWC,train
RQX52938,train
RQXRYDLO,train
RQYV19P0,test
RR0ENACX,train
RR34SEKL,train
RR5GCEY7,train
RRC11O75,train
RRJ8MMCO,train
RRRBNT1J,test
RRUZRTKP,train
RRZ5F51F,test
RS1VO04V,train
RS5MLI5A,train
RSK513AJ,train
RSVL3SEZ,test
RSVWY0P7,test
RTCA8PJS,train
RTIP94D0,train
RTNJDDW3,train
RTNSFG8W,train
RTNT42MT,val
RTO4HSSF,train
RTZ3MQLT,train
RU2ZZ5D7,test
RU31GH7A,train
RUAQAKD9,test
RUBPXTK1,val
RUDTNZVD,train
RUETIXGR,train
RUIQA7V7,test
RUJUGL8C,train
RURXNKTY,train
RUZ2APX3,train
RV2VNISO,train
RV2WOKSQ,train
RV3R5JGO,val
RV9YDOGZ,train
RVBIOPK5,test
RVEI4HSW,train
RVQ52RQS,train
RVR70XQW,train
RVWZVBOY,train
RW544G74,train
RW5FZ5I4,train
RW6ZG1JK,train
RW7FTB1A,train
RW7Z13E9,train
RWHWKMEH,train
RWRDUI2T,train
RX36692S,train
RX6BTEJU,test
RXGINWS5,val
RXIJ12HU,train
RXNB55UW,test
RXSY4DHK,train
RXVIES56,train
RXWM9YNQ,train
RY1W0JEN,train
RY2YF9LR,val
RY38P9RW,train
RY50QNJC,train
RYBUCGGX,val
RYEONY2A,test
RYJH3M01,train
RYPZKSHE,train
RYRCIY6X,val
RYZPTRZ3,train
RZ4WXO29,train
RZC6PVY7,train
RZDKTVUE,train
RZFJG4FF,train
RZINES6F,train
RZLOKAD7,train
RZT64QZO,train
RZXDHC3F,train
S00WSIPY,train
S06JE0C1,train
S09FHNTD,train
S0EDDBY5,train
S0EH5YAT,train
S0ICKBGF,train
S0LCQA4A,val
S0NGXJ66,train
S0V0YA14,train
S0V7GT6P,train
S0VPKXS3,train
S0WCIIY7,train
S14UYRH3,train
S16RAG5L,train
S16YUUX4,train
S17ZU0LC,train
S1AR9YOS,train
S1DKKNDO,train
S1F3RN68,train
S1I4S97F,train
S1LRHP1O,val
S1TCHNW2,train
S1WEVIWO,train
S1ZZQQHD,test
S28ED3YP,test
S2KZHYJ2,train
S2MAJJ0S,train
S2SMB41C,test
S2YJ0I8Y,train
S2ZHMABO,train
S3D2KA1R,train
S3HH6W8D,train
S469FWKK,train
S4BCDJ5U,train
S4E4SFWV,val
S4FXDUD4,val
S4HSNFTH,train
S4J9BY47,train
S4M8G0IQ,train
S4VY058S,train
S4VYY2B0,val
S4WZ9FTM,val
S4XOAUQ2,train
S53ZWSPV,train
S563YST0,test
S59WDFJV,test
S5H8TGVR,train
S5RSAK5B,train
S5Z72QU2,train
S64RZG18,train
S6HCKPC1,val
S6KH138N,train
S6P1U76J,train
S6TYU2GI,val
S6UKR4OJ,train
S71DRG7D,test
S7BDGAXX,val
S7I6OG7B,train
S7IB065S,train
S85DTIFB,train
S895T1KH,train
S8AEDT7Y,test
S8LECKLC,train
S8UYAV4W,train
S8UZHG3D,train
S8ZZVOJY,val
S907483O,train
S94JJZIY,train
S968WLZ2,train
S9I2WRCU,train
S9IHNABY,test
S9INRET4,train
S9RC6GLU,train
S9TYC1F8,train
S9X7WA1R,val
SA087W32,val
SA8SU19Y,test
SA97NJ5T,train
SAKM4PXD,test
SALMDKV1,train
SAO6IGOR,train
SAOP9YY9,test
SAU1WNA9,train
SAUVXA5B,train
SAYGMMKB,test
SAZD2ARB,val
SB2HQKVH,train
SB2SQGAG,train
SB4FJY8U,train
SB6QM5XV,train
SB9E9JRC,train
SB9PAAQ1,val
SBAR5QUO,train
SBAZW6A3,train
SBGUZ4FG,train
SBOZY7KJ,train
SBT9DPA2,val
SBTGBTHV,train
SBU7LKPT,train
SBVS3DCO,test
SBWCYCO7,train
SC0YD4P7,train
SC28YIQ8,train
SC48VR3V,test
SC6N1IG5,train
SCOYYFY0,train
SCPG5AMD,train
SCTLGGH9,test
SCX4XU6L,train
SCYWF4OV,train
SD1W8P09,train
SD5UWS32,train
SD6YP4XK,train
SD8BXATJ,val
SDB4N4R3,val
SDKR38PH,train
SDLRWCO0,train
SDML9PUM,train
SDQZE515,train
SDZS8BIY,train
SE7E06QK,train
SECZX8WE,train
SEU18NJL,train
SF1L1QLH,train
SFBVDKRB,train
SFDDXQCC,train
SFDIUBMX,test
SFEHA62Y,val
SFQ4YXOJ,train
SFQMFCW0,test
SFRCDNVO,train
SFS1RIG6,train
SFS3MX8S,train
SFZVQSBE,train
SG096FF1,test
SG0QE63J,test
SG29HSKG,train
SGCZ9053,train
SGDEE047,test
SGJ2P8AC,test
SGPD845C,test
SGR6OZ88,test
SH2894BV,test
SH4N4N23,train
SH5O31H2,train
SH7RRU6T,val
SHK2PHLD,train
SHVY2GMM,train
SHY7S4LK,train
SI0EQ8CB,test
SI3W8TXL,train
SI60YXF8,val
SI61ZDKP,val
SIDDBHMU,train
SIE3LFPG,train
SII78XJN,train
SIJRKIMO,train
SIRAX31W,train
SIWPRDZB,train
SIYCCZCS,train
SIZ2CR2M,train
SJ5XCLP5,train
SJAB6T5B,train
SJNI8LVO,val
SJSH08RB,val
SJZTSIEF,train
SKJQ3YA7,test
SKMZ8N2N,train
SKR9HOXE,train
SKRSP56M,train
SKSUQROB,train
SKVIDGYP,train
SL52XRS9,val
SL8QLWE5,train
SLIQXBRY,train
SLLZP3GF,train
SLMNU8U5,val
SLTZR5CB,train
SLURHAS3,test
SM54249N,val
SM5DQB97,test
SM9DCW58,test
SN2XDDIP,train
SN81CDZG,train
SNGONTGG,train
SNIO7ISU,train
SNIUDDKD,train
SNMDO9ME,train
SNQYMZQM,train
SO661U11,val
SO9JF1YX,train
SO9OXM2P,val
SOACKMWX,train
SOI1HZI1,train
SOKEF85R,train
SON82D2D,train
SOWCWPWP,train
SP6ILV3D,test
SP8NP6BH,train
SPJV6KPX,train
SPUB8TWT,train
SPWISA4L,train
SQ134JSS,train
SQ5WPT6M,train
SQ6HHH01,train
SQCLJZ43,val
SQEGTKTB,train
SQKWJMCC,train
SQM4PW7D,test
SQVTGX08,train
SQX9P6GD,test
SR0YJHM4,train
SR2547IO,val
SRVEOWO6,train
SRVZPJ9T,train
SRYDTOJ4,test
SS19856O,train
SSMRLX82,train
SSOC132J,train
SSPRHTIV,test
SSUYV6ZY,train
SSXQFO3K,train
ST2J3AR9,train
ST2L8BVZ,train
ST3A265H,val
STBEVEYW,train
STF9149D,train
STK5U760,train
STKEZ7L7,train
STLZP6XK,val
STPIJ531,train
STU2AC36,train
STV35RMD,train
SU6274IZ,val
SU8EPYEY,val
SUHG7BK3,val
SUIBTWSJ,val
SUIP97A9,train
SUL5U640,train
SUN7DW4Y,train
SUQIY505,test
SUQPVCM1,train
SURTANBM,train
SUU2YNPC,train
SUULJQFN,train
SUURL36Q,train
SUVZTUYH,val
SV1I1KB3,train
SV7SFTZF,train
SVFJY96Y,train
SVK48MG3,train
SVOJZPID,train
SVQHHTU1,train
SW7RN9D2,val
SW8FMUSJ,train
SWBNQCM7,train
SWGTIUXN,train
SWUXAOAN,test
SWVG5N1L,test
SWW9QG6J,train
SWWOVCWS,train
SX3ZHND9,train
SX5JG59J,test
SX6JAXFK,train
SX8MX6OC,val
SXDU4ITG,train
SY0NZAJY,train
SY1YVAGB,train
SY6J029F,train
SYERC8AQ,train
SYM6DZSM,test
SYPXHEIT,train
SYR0OYSB,train
SYUSUARN,train
SZ2MCTKT,val
SZ3KZ5JQ,train
SZ3ZROCT,val
SZVTQ8PK,val
SZWVXGXM,train
T06ALLF0,val
T09Q1BZ7,train
T0COWD9I,train
T0F8KE8T,train
T0FNCXRR,train
T0GEB28Y,train
T0GVLMT5,test
T1HBLZ8X,train
T1PYV9X8,test
T1ZWVXJW,train
T207OL3W,val
T2D1C0RE,test
T2LTP8WL,test
T2U1MYU3,test
T32YKGKC,val
T3AAO3BZ,train
T3D8FAET,train
T3I0Y4CL,train
T3KJP8E1,train
T3OAJI1E,val
T3YBOS2A,test
T408BAE0,test
T45BVJKO,train
T45VU5UI,train
T46VNPQM,test
T48IZYM3,train
T4DWNH4V,train
T4G3RB04,train
T4QSIF3J,test
T4TN8PXD,val
T4VPKAV4,train
T53N96E7,train
T5D96ROI,train
T5GTU67K,train
T5LGEZ5F,val
T5MH77LT,train
T5PK1ZEP,val
T5R72P6Q,train
T61C6CIJ,train
T61K8FTQ,train
T6ASKZCQ,train
T6DTBCLU,train
T6IHXRWP,train
T6MW5769,val
T6TAU9IZ,train
T6TPLAWW,train
T6TS0UG5,train
T6WBN84U,train
T6YLJCHK,test
T72HUKE7,train
T72QZIG4,val
T75U7XTS,train
T77EEFO1,val
T7AOTBNV,train
T7ICFMJU,train
T7LZPY4K,train
T7RR1JDO,train
T864GY50,test
T8AFTAFN,train
T8BTNT2V,train
T8DMQ3XJ,val
T8DRA94B,train
T8ZPA73T,val
T9390V8C,test
T93G6RMA,train
T9EZRJWC,train
T9PATKBB,train
T9R2UVYG,train
T9RY1XC0,val
TAHGXKXF,train
TAIHJ32W,train
TAS6S0NT,train
TAWQYTTX,train
TAYELLJZ,train
TAYPG166,train
TB70U7E6,val
TBBYL0QB,train
TBF0XMDC,train
TBGYJU9R,train
TBONV9H9,train
TBXWE1ME,train
TC0237Z5,val
TC39ES17,train
TC86NLN7,train
TCBC2IZ5,train
TCHAWN06,train
TCI5NXN3,train
TCJKZVQO,test
TCNOCJGZ,test
TCO9WK8R,train
TD0BWCG3,train
TD15203T,test
TD39AVPR,train
TDA7JQ9W,test
TDATG11W,train
TDE45DSB,train
TDF2ZOMX,train
TDH9I7OS,train
TDNUF4H3,test
TDOF1ZK2,train
TDSHK4J4,train
TDUG0SAO,train
TDWN9DLJ,test
TDYNEV4W,test
TE000R36,train
TE40NOVB,train
TE4WQSGD,test
TE5ZSELL,val
TE783AHG,train
TEBWC9QE,train
TEH8HB20,train
TEKW3866,train
TEMX5YCE,train
TFDD63ZC,train
TFKDOGR2,train
TFM1662K,train
TFNTLZ33,val
TFV9B8LP,test
TFWYOBQ8,train
TG4VXBI8,test
TGBVW32H,train
TGI3SGVO,test
TGIJ0OQ1,train
TGJ09WUH,train
TGP40WGT,train
TGTO860W,train
TGVJLJU8,train
TGWAJOF8,train
TGWSFP4G,val
TGZSDFGI,train
TH042O4C,train
THCIMHK9,train
THDDVBOF,train
THEW2XXI,train
THF2D1ZR,train
THK49D75,test
THYX16JA,test
TI4XPTJA,train
TI5RSWBA,val
TI6XF26I,train
TI7FC2TJ,train
TI8UO4YU,train
TIFEY8DF,train
TILL5MH9,train
TIPOQLTW,val
TJ2G6LA6,train
TJL791ZM,val
TJRNXZSP,train
TJWZ5KUE,train
TK2GSISL,test
TK525OEI,train
TKHVBLMT,train
TKN0FIFQ,train
TKNPO2D4,train
TKPFN5F8,train
TKYAOOW6,train
TKYMO8W1,train
TL18E5OM,train
TLGUAE4Y,test
TLPJI4M8,test
TLYK6HUC,val
TM348SJN,val
TM6Y7QG1,train
TM72PXQ0,train
TMC0LY3H,val
TMC2KVU1,test
TMF0AOPW,train
TMU129X9,test
TN1UR9ZZ,test
TN5RX485,train
TN7ZYE4A,train
TNF9623F,train
TNFHGGWW,train
TNKJ98RG,train
TNMVPUQR,train
TNQM9DFC,train
TOGQ04TS,train
TOORHDO0,val
TORA1LR9,train
TP01OVXD,train
TP0MIEXK,train
TP2GS84L,train
TP6C3PI2,train
TPIPVTGZ,train
TPLDKE9F,val
TPSAAIEU,train
TPUZ374I,val
TPV6WSPC,train
TPX2BVFN,train
TPYJMLIN,train
TQ2CILOB,val
TQ98M4ZY,train
TQ9TT1TN,train
TQH1HBR4,val
TQJUBNEX,train
TQWB5S6V,test
TQYKIVHC,train
TQZIFBLY,train
TQZSEZ25,train
TR25LYXJ,train
TR9MJW7J,val
TRIA42TR,val
TRSTUBJQ,train
TS1WMWHU,train
TS2EHUFX,test
TS98L3ZY,train
TSFYH3YY,train
TSOMOJ55,val
TSRWJC99,train
TT131UHX,train
TT8Q5SE5,train
TTACNMV0,test
TTATH6U2,train
TTCU4JRA,train
TTDP36CZ,train
TTFCB02E,train
TTIH3IS4,train
TTLQWD2R,train
TU7H8XH2,val
TU913J4C,train
TU9PYOX9,train
TUACHG68,train
TUD7N3UD,train
TUG1KI40,train
TUM3T7ND,train
TUM5JPK8,val
TUMMTW9K,train
TUR37NG4,train
TUR5WR8D,train
TUUJJDOK,train
TUX1XQVB,train
TV1EGQ1E,train
TV3ZYN55,train
TV8P8KT5,train
TV9D2PKB,test
TVEKQJMN,train
TVF7L6DN,train
TVGA8FUK,test
TVMT8YLL,val
TVY7GJB2,train
TWCIN6DQ,test
TWEX7CE9,val
TWKKFZX5,val
TWM5DY65,test
TWPKTU9D,train
TWUXJDXV,test
TWZQVEPP,test
TXCNMGRH,train
TXJAOX3H,train
TXP07VTD,train
TXQUTVZJ,train
TXT6ZJOD,test
TYB0OKSM,val
TYCGNGM3,train
TYVLJZQ7,train
TYXXXG50,train
TZ1QG2YI,train
TZ6BBZ9M,train
TZ6DN7EL,train
TZBER8V1,train
TZHQA0ZG,val
TZW2UUY4,val
TZZ69V62,train
U068VWYW,train
U06N8I0I,train
U0BYO8N5,train
U0EMUPRQ,train
U0I0PLEI,train
U0I141SE,val
U0L8EIMV,train
U0LFSNTB,test
U1513M56,test
U1620EZP,train
U188MB0M,train
U1BYC8B8,train
U1HZE1NT,train
U1I56THS,test
U1KBDTPS,train
U1PWYBOO,train
U26TLBR2,val
U2C7ZW96,val
U2CE8Y3O,train
U2LAU5L5,train
U2LBIDK5,val
U2XK87HP,val
U34RSEXC,val
U3E3F96Q,val
U3WPQXNF,train
U40FE39J,val
U4EYVPBN,test
U4NO7G8P,val
U4Y1E31D,train
U5ALHOBN,train
U5CDLGC4,val
U5CDRIVB,train
U5D05F1H,val
U5EFWHFA,test
U5SB6XM7,train
U5XE107I,train
U60ULVSX,train
U64M2HMB,train
U65B4NZI,train
U66J47OD,train
U69BNUOA,val
U6C1EKJW,train
U6CG8VJL,train
U6GW2KS4,train
U6HJIAE2,train
U6LQRMPM,train
U6QCA6QL,train
U6QQ2VXL,train
U6Y2PY00,val
U6YSAMM6,train
U74T1008,train
U77I08Z5,train
U7BU1293,train
U7IQGV7P,val
U7JD7HFY,train
U7PAJLBV,train
U7Q7IB4W,train
U80NGEVW,train
U81V7XUU,val
U89H1D2X,val
U8D5PVML,test
U8KYFLKI,train
U8Q45EBE,val
U8RYM6SI,test
U8SEILS9,val
U8Y06MYF,train
U967EFPF,train
U988MH2X,train
U9BW4OPE,train
U9FQPDN3,train
U9NO969S,val
U9OBYT2L,train
UA5D9LF1,val
UA6UKLN7,val
UA9GCEH9,train
UA9XKAHJ,train
UAQ8YA9C,val
UARA5ZAH,test
UARNMTDG,train
UARXNKNI,train
UAW8I0I7,val
UB3XNSC9,test
UB9VT29Z,train
UBE9VYE8,train
UBG7HZID,test
UBGBVJKK,train
UBHZFAF9,test
UBSDL89G,train
UC0HWDY7,train
UC4QRPIQ,train
UC7XDOIR,val
UC9N6M1Z,val
UCH8V9ZW,train
UCJT2YFL,train
UD0WJMU4,val
UD31Y9F7,train
UD6Z82JS,val
UDPDVK4D,train
UE6CQAXL,train
UE88IJUI,train
UE8CLK0L,train
UEE9W656,test
UEFDDB85,val
UEI3BPR6,train
UELO1FNC,train
UEP0Y8XF,val
UEUU8SQI,train
UEUXAMB9,test
UEZKC0O3,test
UF51A1T7,train
UFQTUBZA,train
UFVOSS5N,val
UG2MUDMZ,val
UG62H3FQ,train
UG7XYAEL,val
UGGTSDZT,val
UGKRYTDZ,test
UGNQLFJX,train
UGQUIRD3,train
UGZJFRCX,train
UGZQCE3T,train
UH1NQNMJ,train
UH3P8RX9,train
UH756279,train
UH7TY03X,test
UH81B3RX,train
UH8WCL0U,train
UHISBYFW,train
UHOUVEOF,train
UHWSIF37,train
UHYETGTV,train
UHZLQDPF,val
UI3ITRYW,train
UI8XOBTL,train
UI9T7YVT,train
UIIF1JT9,train
UIL4HE6H,train
UIVF7AB3,train
UJ2H9KDJ,train
UJ6V4Q2F,train
UJ9NOTGH,train
UJF3FYZ8,val
UJJ3MBNY,train
UJMZDWO3,train
UJUAJYGI,train
UJZWO9JZ,train
UK1U523M,train
UK1U91GK,train
UK49VGUD,test
UKLLWVZ9,train
UKV7205J,train
UKWUMYP9,train
UL03AOL4,test
ULFIRO7F,train
ULGJ0Z78,train
ULM3JOH6,train
ULMPWH5S,train
ULQZKESI,val
ULSJISD1,train
ULTQFNX3,val
ULTYR8TC,train
ULX6K0NU,test
UM06PF5S,train
UM0HI0VG,train
UM1JGG6J,test
UM2VA8NO,train
UM98MMGB,test
UMALFDCR,train
UMOZQGD4,train
UMT2WVY5,train
UNA1MNLV,train
UNAYWEP8,train
UNCOVMNM,val
UNE5TCCY,train
UNHTP8NC,train
UNHWQVN1,train
UNQ8GLMM,train
UNS22DF3,train
UNSDCDH8,train
UNT99K0M,train
UNXSLVBF,val
UO1XSHX6,train
UO655GKW,train
UOAE0CP9,val
UOB14ELT,train
UOKRTNQN,train
UORF4NPS,test
UP20P359,train
UP2QU23F,train
UPA8QC3M,test
UPD1EJFY,val
UPJ1VEXE,train
UPL00GCZ,train
UPNOI1B8,test
UPPJ4V4L,val
UPUG9XRV,train
UPW1KF4M,train
UPWAE5FV,train
UPWQL9NN,train
UQ0MISG8,test
UQ29588X,val
UQ3BB9RS,train
UQ3NY6QQ,train
UQJTX0LS,val
UQKZHWKD,train
UQOQ0E5K,train
UQS9Z7ML,train
UQSK271P,train
UR03V01Y,val
UR160RL8,val
UR48VF6W,train
UR5YAJFJ,train
URDZTLQ9,test
URGIK16V,test
URJFARJX,val
URKVQ5RF,val
UROQHXAZ,val
URR2P94C,train
URRYTEDQ,test
URV849TL,val
URVV7094,train
URXAZPHP,train
US3KVTA9,train
US8EWQ9O,train
USDDKXWV,train
USHOUH2G,train
USOWDV57,train
USRSDVYB,train
USU1CLQF,train
USV2FIGY,train
UT0YPXIC,train
UT1MIDGT,val
UT1OZXFW,train
UT2GOS22,test
UT3AD95H,train
UTF4OZPY,val
UTFFDJWY,val
UTKEOJ5U,train
UTPDISSA,train
UTRHJTMR,train
UTUIUZUR,train
UTYJ8VNA,test
UTZE0W5T,train
UUCYNF62,train
UUJN5FN5,train
UUMZ7A5W,train
UURPI04T,train
UUSOLOUV,train
UUTCPBZ2,test
UUVGM6UI,train
UV24PIAJ,train
UV5B3XQE,train
UVCQA54C,train
UVELDXZ8,train
UVFPGZZT,train
UVMJ44HW,train
UVOWDR4D,train
UW0BXIRO,val
UW1YGERD,train
UW6YK2LX,val
UW7WBTCF,train
UWFKLWEU,val
UWJZP72D,train
UWUP9G61,train
UX0XFJFO,train
UX2R818M,train
UX47OSL0,train
UX5N1YFB,train
UX6AV6YG,val
UXDV6W1J,train
UXFKG4BN,train
UXQ9W49V,train
UXR6PLHA,test
UXSDC5ZJ,train
UXULZQIQ,train
UXX4K1R1,train
UXY6DZ2I,train
UXZ0499M,train
UY0H7HCF,train
UY1918GD,train
UY5U325U,train
UY7OTTXL,test
UY91WVU5,train
UY9CKLVA,train
UY9Y869L,train
UYK1KJD6,val
UYRKVSHN,train
UYUFWXBK,train
UYWTAU1T,train
UYYRQU8R,train
UZ0GRKA0,train
UZ2BX22K,train
UZ2LDU15,train
UZ54EVBC,train
UZ9KEBHT,train
UZA89HUW,train
UZBUV7QS,train
UZH36Z83,train
UZUPT0RZ,train
V03IBP8Z,test
V072BBSB,val
V08DUQXI,train
V08EDQ2W,train
V0FU7U9T,train
V0MI79XP,train
V0SKX7ZL,test
V0SNF47M,train
V0XTHC6Q,train
V10D5W0K,test
V11ZK2PB,train
V133BGPY,val
V14KP4A7,test
V176KJZ3,train
V18KLN56,test
V1F3GZ3J,test
V1GA7Y63,train
V1KV1RTW,train
V1LSRZYU,train
V1Q0GWCG,train
V1Q3O62K,train
V206ZN08,train
V227GT3D,train
V24T47DJ,train
V27JWHIW,test
V2K4AVMI,test
V2ME7CXS,train
V2QCN0HR,train
V2RQT6BA,val
V2SC1BAC,train
V30L2U1V,train
V30YDZ65,test
V38ZF2BG,val
V3FQ62JB,train
V3H31TSP,train
V3IUYVSI,train
V3NK93SW,train
V3R6OFEK,train
V3U1MS2J,train
V42JBQ7J,train
V42KH4C7,val
V44G0UAM,train
V44H05K4,train
V451MTTP,train
V4MBMSL8,train
V4MT649H,test
V4OJN66V,train
V4OQMQZ7,train
V4TATK6E,val
V4WTNFOA,train
V52LC3MX,train
V5IB2FMG,val
V5J2IG94,train
V5KZDJL3,train
V5T1Q83P,train
V622EOQT,train
V63QGZSB,train
V6D18T21,train
V6FCB0WB,val
V6IJATBE,train
V6L32DAO,train
V6O72BPW,train
V6VQNL03,train
V6WTWAYZ,train
V6XGO83Q,train
V74MY35L,train
V78POAZQ,train
V7F93HW5,train
V7ND06ZG,train
V7WKQJQ7,val
V80S6YDH,val
V81EJS9G,val
V81F98D3,train
V84UBMYD,val
V8AAKTIS,train
V8ADYWQP,val
V8BE7LY8,train
V8FF7UKY,train
V8K3C408,train
V8OMB724,test
V8PYLR1P,train
V8YE8ZGY,val
V93Y2QNG,train
V9BBGZA2,val
V9D94IGN,train
V9GUJM7L,train
V9H590RM,train
V9LU3HHE,val
V9UHTRRC,train
V9X4ZPIO,test
VA5M16DO,train
VA8FGU9M,train
VACR5JY7,val
VAE3N78A,val
VAF1A5OO,train
VAQAHZLK,train
VARWML6Y,val
VAWPDNJH,train
VB25IDQK,train
VB6J390Y,val
VBHU6G7E,train
VBLYUAFF,test
VBS9SQSQ,train
VBYYEAAT,train
VBZRJMBF,test
VC1EVXRY,train
VC3ZS7A4,train
VC4GD3NO,train
VC4IL0L5,train
VCAQ7YC4,test
VCJON874,train
VCO6U0CJ,test
VCPWBUDY,train
VCYXR47S,train
VD2NJMGF,train
VD31CK4H,val
VD4BBKEO,train
VD6RNESJ,val
VD7D5UOH,val
VDAPQWIK,test
VDE6O08F,test
VDJOL9XZ,train
VDQ08N4Q,train
VDR0F3A8,train
VDTUMMAK,val
VDURWBG3,train
VDWW0YAA,train
VDYSAGFQ,train
VDZYA3J3,train
VE1J4641,train
VE5KT8ZK,train
VE5R5EO6,test
VEEV6WF6,test
VELLK0CT,train
VEMYQ8FV,test
VEOKV6RY,test
VEOUHS3Q,val
VEPE8NZ7,train
VF4V6D2O,train
VFEHHLWD,val
VFETLVN5,train
VFF10J6B,train
VFIQ0QBW,test
VFISGEWL,train
VFJ51M62,train
VG3NIJI8,train
VG4962TX,test
VGEA5XDP,val
VGG47D5J,test
VGMBEA9Z,train
VGU16TPD,val
VGX26HRW,val
VGYAMVWU,test
VH36C8H6,train
VHHJXV7B,test
VHY3NUZK,train
VHYMSTXC,train
VI3QN4KW,train
VI6VQBKG,train
VIE7GI9K,val
VIL0P079,train
VIPU73OJ,test
VIVOBEWC,train
VIXXMXH1,train
VIZ0DFC3,test
VJ0QZWQ5,train
VJ8CN0U2,train
VJKX31KJ,train
VJMQALMI,train
VJN6DQ6Q,test
VJNFPXUV,val
VJSOG4TZ,test
VJXPI6OR,train
VK0D82XG,train
VKGBTHYN,train
VKHD2HBV,test
VKI4FI2J,val
VKLIL62M,train
VKOP17J9,train
VKQRLWP2,test
VKTSFHM7,val
VKW10J0T,train
VL09UZY2,train
VL1CNJ0L,test
VL48F58U,train
VLLGKTNH,train
VLW1V772,train
VLZCVPW5,test
VM3B757U,test
VM9RE4SF,train
VMF6FYL1,train
VMIQKWLH,train
VMZNBP7E,train
VN7LLCMK,val
VN87RICX,train
VNDJNWOY,test
VNHJD1S7,train
VNP3E050,val
VO19FXEW,train
VO3LP9HZ,val
VO4NZD19,val
VO5HSJ8U,train
VO6H1VXR,train
VO6S5SG1,train
VOB830JI,train
VOF67NGH,train
VOLIE7J1,train
VONHUVJY,train
VOTCLOF3,test
VOXHHD8H,train
VPG8U0LK,val
VPJ6DFPP,train
VPKIJ8MG,train
VPNURL09,train
VPOOPXNR,test
VPOWC18T,test
VPZEQX2R,val
VPZR0L4O,train
VQ2A6FMN,test
VQ3YE878,train
VQ67L79U,train
VQEV0FFX,test
VQFNJPTT,train
VQNBWJ98,test
VQON2E1J,train
VQSRM7A8,test
VQU7G7GQ,val
VQV1AT2I,train
VQVN45OC,test
VR447ZKG,train
VR5CBQ7M,val
VR95811W,train
VRD4TZNL,test
VREYIZOH,val
VRLTLH3P,train
VRRK0QBK,val
VRYIZF86,train
VS08V7OJ,train
VS1DRSYT,train
VS3TX0VZ,train
VS9DQEJ7,train
VSH9GWP0,train
VSJFTCS9,train
VSO61X0D,train
VSQC2PI0,train
VSZ55658,train
VT2XSJ07,train
VT5RO8K4,test
VT7JOF08,train
VTI6JFMV,train
VTJ7SNQ1,train
VTMR5X2I,train
VTRN0SXP,train
VU3PAEL4,train
VUC4YG82,train
VUWAOCL8,train
VV4PG2I7,train
VVAUZNW3,train
VVSHOLOC,train
VVTIXKKG,test
VVVK8L1X,val
VVYZ00BW,train
VW7WXBEA,val
VW82QSNE,train
VW95HEG7,train
VWESB7UM,train
VWG5W0OW,train
VWL6P8BW,train
VWQDECYR,train
VWS67LYC,train
VWWG8DL0,train
VWYA07BR,test
VX2W6I60,train
VX9VY0WS,train
VXK835R0,train
VXOTMUZI,test
VY5OPSAL,train
VYE233AL,val
VYEA1S7W,train
VYL2F6QQ,test
VYMT6L6G,train
VYSIP22V,train
VYTFJ0QK,train
VYU23RVV,test
VYWMAUOG,train
VZ0O3IDS,test
VZE4IB4Y,train
VZEFGWS7,train
VZLJ3ETF,train
VZTVBXMK,train
W039DBR9,train
W0J0U39G,train
W0TV0LL4,train
W0Z4LB87,train
W10M61CQ,train
W17AD10P,train
W1EQJYPN,train
W1N5ITHL,train
W1O6I9OU,val
W1Y16KSE,val
W20EYT0V,val
W22UC7ZA,val
W26K3JPI,train
W2AMJ8V0,train
W2RWHSDF,train
W2S4D9KN,train
W2YPKKRY,test
W335PR4F,train
W3IY9N7A,test
W45NYX91,train
W47JBMFJ,train
W48Z91DF,train
W4CSHEEK,train
W4VAQIFH,train
W4WIDH57,train
W59RYJHK,train
W5AFGV2R,train
W5C396WG,train
W5C9BZ14,train
W5K8I0HP,train
W5N9HUOM,train
W5PBMQQE,train
W5R7M5DW,train
W5UXW156,train
W61FSP1G,train
W64OZSE4,train
W65WDYUF,train
W660EGW5,train
W6AJ5W3R,train
W6B82NZJ,train
W6IIZY8L,test
W6NZQ79A,train
W6OIBU7S,test
W6ZV9KY2,train
W7036HRF,train
W71GVPKE,train
W78J91KG,train
W78TN93Z,train
W797OWUS,train
W7HEDG21,test
W7NMVM5A,train
W7VP743U,train
W7ZI7GV4,test
W800D144,train
W86TSG3F,train
W89QO7M3,train
W8BCZD1H,train
W8LY8IEP,train
W8NYXFDO,train
W8OVLVRX,train
W8QGDZUS,train
W8QJU7XI,train
W8X962IY,test
W8XVE7MZ,test
W8YASNL1,train
W8YJ0W85,train
W922V1Y4,train
W93AIBCM,train
W98J10WQ,val
W9R7ANDK,train
W9V2SRS0,train
W9YXQ8RC,val
WA0KRCZ3,train
WA3YKLUN,train
WADQ56LG,train
WAIOBVMB,train
WAK9CYEU,train
WATOUKSL,train
WAU5DRLT,train
WB0MYCV7,train
WB1WLDHL,train
WB2LKNLH,val
WB4MKYGI,train
WBDMHKVE,train
WBG76XQ6,val
WBKLF5SX,train
WBN7N8UK,val
WBOCDLK3,train
WBSBDHBQ,train
WBVLA1M9,train
WBXLNJM8,train
WBZX647L,train
WCD2AMS3,test
WCD8E6N2,train
WCDN1ZSY,test
WCFG25FP,train
WCJSM8NJ,train
WCKOA1SN,train
WCMG58N7,train
WCSQVTOD,train
WD0L3KLZ,test
WD4MK06I,test
WD8ZULCU,train
WDDL1YHQ,train
WDIAO1O6,train
WDQ5FR46,train
WDV836X6,train
WE4PVO3Q,test
WE9UITK3,test
WEFBQKRX,test
WEGA7YDX,train
WEGBFF0H,train
WEKREWA3,train
WEP0QK9O,train
WESJUFC4,val
WEULW8MN,train
WF6VMOIM,train
WF7AVP9T,train
WFB0ADUY,train
WFTO3JZJ,val
WFUHIPGQ,train
WFXC2FQM,train
WFY2V16P,train
WG1H4W48,train
WG5RCHAH,train
WG6YC12U,train
WGEEXUFA,train
WGFDBSHZ,train
WGLU7FJR,train
WGTC916W,train
WGVFT59U,train
WH76G0BQ,train
WH9RD8XS,train
WHCFYV6G,test
WHEIMM1M,val
WHGN7YA7,train
WHGQMMM7,train
WHK7VI7D,train
WHR9EROT,train
WI17SE5M,val
WI4N8GMD,train
WINTTIOW,train
WIU5VGRH,train
WIZDYTJO,test
WJ1R4846,train
WJ3PL17P,train
WJBE3IYL,train
WJBQ441Y,train
WJJ7MY3Y,train
WJMTT92O,val
WJP47DUO,test
WJRJEZJI,test
WJSC52W3,test
WJUXL547,train
WK429GSX,train
WK6EUXA4,train
WKAEL9SG,train
WKBNRMJC,train
WKD1T6OS,train
WKGRWZDN,val
WKKPCJY6,train
WKPASG3Q,train
WKPT641N,test
WLB830DZ,train
WLG662AB,test
WLISM3K7,train
WLMDWNJW,val
WLVH34BD,test
WLZ5R9L8,train
WLZYP2XR,train
WM0DQOGU,train
WM0KL3V9,train
WM6KPMUC,train
WMB7R9UP,test
WMC76NEW,test
WMSGXR6X,test
WMXX1Q4M,val
WN1OKP4X,train
WN366XKZ,train
WN5NJ6VY,train
WN73MQPZ,train
WN9TL6M3,train
WNJ1NRMJ,train
WNN1PFZR,train
WNOIOZE7,train
WNTKNMQP,val
WNU60B2A,train
WOBCLL38,train
WOE1J7KF,train
WOFKVJRZ,train
WOFNVVVK,train
WOLNZNFE,val
WONXFHSI,train
WOUP1SHH,val
WPGKXJ4T,train
WPTF4LSL,train
WPV0O1O8,test
WPVWSDM7,train
WQXYM0G7,val
WQYLEK82,train
WR5VTDH2,train
WR62A54T,test
WRBJLR4L,train
WRCK2N4F,train
WREFXFBN,train
WRI3ODCO,train
WRN26JTD,train
WRV2N3R9,train
WS2HX15N,test
WSEEG8UH,train
WSIC3MGI,train
WSMOFWFX,train
WSROL0UN,val
WSU3UXSR,val
WSVEY24M,train
WT4I2RQX,train
WT4J91U2,train
WTDUUR6U,test
WTECMV6X,train
WTFXXPJZ,train
WTL56K4C,train
WTSBIHQE,train
WTZIDWA3,train
WU3F1QXU,train
WU9H3H93,train
WUDDEO72,train
WUE5228R,train
WUEP5ZVO,train
WUF0CPHO,val
WUGHXWVT,train
WULBHQM1,val
WUO7A0AA,train
WUSGR4U5,train
WUT72J5G,train
WUUOPVEI,train
WV2MGSQ8,train
WV2NFW8Q,test
WV99YWHR,train
WVD2DK67,train
WVX8UGZR,train
WVXK9E7F,train
WVZLU50S,test
WW8CW7YF,train
WWFARXGT,train
WWIR0KP2,test
WWP7RVWO,train
WX06P11T,test
WX159ZLN,train
WX1ZXS3X,train
WXC0EM79,train
WXJWWEXU,val
WXPZ7H3T,test
WXRRHP03,train
WXSWB8S5,train
WXW9T2ZW,train
WY3NGGZI,train
WY409755,train
WY4ZDSXZ,train
WY9Q8GUT,train
WYAFLOSI,val
WYEF41Y4,test
WYJWTTPU,train
WYO765BF,train
WYP7D3N2,train
WYVXGLXC,train
WZCWMV1U,train
WZH0MXGD,train
WZLMJGHH,train
WZLY8A6F,train
WZN51X1O,train
WZNRSE64,test
WZZ20K41,val
WZZ5DOPD,val
X077VOZF,train
X07V1W60,train
X0CEWU6B,train
X0CMBD56,val
X0DE3HUA,val
X0MIY3R7,train
X0OQ27WF,train
X1CXX7OZ,train
X1HSXDVN,test
X1K62D3M,train
X1MJ6PKT,train
X1XMNAZ4,train
X205O8F3,test
X26PPKAJ,train
X29358IL,train
X2HCP5BY,train
X2IO8IU7,train
X2MN62R8,test
X2ULUYVX,val
X31W1ELR,test
X32XGDF0,train
X357QHH3,val
X395L0MJ,test
X3RJU8RG,train
X3SI4B46,train
X3TVG69D,train
X3UPXWR7,test
X3XAGDD3,train
X3ZG8C9N,train
X44CIIGJ,test
X46YZWSA,test
X4A15RI8,train
X4FN4MAH,train
X4QF1CM6,test
X5031XNB,val
X50ZFPIK,train
X527UC98,train
X5CQJYWC,train
X5J2T8PJ,test
X5KWRCK9,val
X5M87YT7,val
X5MIOBO4,train
X5OC35FR,train
X5OZH165,train
X5TWRTHE,train
X66YZ3Z5,val
X69WL5QI,test
X6DAY0NB,train
X6E6EWR7,train
X6NWPJ5A,train
X6SOQYPO,train
X6YLOP8Q,train
X719HG7P,train
X74TUAU3,train
X75B5XCM,test
X7942GPD,train
X7H4K0G5,train
X7IU7O4E,train
X7L348UJ,train
X7MLFS8M,val
X7W0L5W6,val
X81ZZNQF,val
X88F6H40,train
X8B650Z4,val
X8HR64VU,train
X8KV468O,train
X8O98BRZ,train
X8S30I6F,train
X8SMNPXH,train
X8U1ENZG,train
X8Y707Z2,train
X935BJDP,train
X94UGLYI,train
X96F1TW9,train
X973NC03,train
X9C8M495,train
X9FHIA4P,train
X9GVJM9Z,train
X9LN82EY,test
X9NCB9S1,test
X9S4WHOC,train
X9X8UZSD,train
X9XGP8C5,train
XA12GNX4,test
XA4GCEFZ,val
XA4PE05B,train
XABSSY7S,train
XAHMH3R4,train
XAICHIUP,train
XAJYL3OP,train
XAVB078N,train
XB2ZLWGY,train
XBA3HZK7,train
XBE0FK7T,train
XBF5G7YA,train
XBGF6TEH,train
XBH1DSG3,test
XBNI5RKT,train
XBQS2G0G,train
XBTO3Z7G,train
XC0THGUG,train
XC39VTUU,train
XC3U2TRI,train
XCE6636G,train
XCEK1DWL,train
XCLFQQ7E,train
XCPLICRG,train
XCSBU4QD,train
XD6R5FMK,train
XDF4EOZ9,train
XDH771GR,train
XDI656KZ,val
XDS81KTL,train
XDTMXOEW,train
XDYCO6L1,train
XEGER09Q,train
XEHXA2FY,train
XEJ4XE99,train
XETJJJHL,train
XF4A1WHQ,val
XF9LZ2GV,val
XFA620S0,train
XFCO06HE,train
XFFGQCDF,train
XFH9UUKB,test
XFHW00IA,train
XFIUWWBP,val
XFMAFST3,train
XFXZJGKU,train
XG1NCFF0,train
XG46QHKM,val
XG97L9U2,train
XGI2WTBN,test
XGNJAFT9,train
XGRVJFLI,train
XGU91GG7,test
XGXYTQZH,val
XH3GL1OI,train
XHB105QF,val
XHF3FZ2R,train
XHGKHPQU,train
XHMIJEM6,train
XIAX4DXY,train
XIBWADOC,test
XISEX9UX,train
XISOC4AI,train
XIUHR4U1,train
XJASA1BQ,train
XJTVFT28,test
XJUNIZDY,train
XK4OK7TG,train
XK65QC2W,train
XK6TBOB7,test
XKA5W2SJ,train
XKGG2MNP,test
XKIS9IZM,train
XKKHAQ8K,val
XKN6LH8H,train
XKRKVQ21,train
XKUSFLQ6,train
XKY3AODP,val
XL5U7506,train
XL7LDLBM,test
XLA9CL37,val
XLJOYIO6,train
XLKHAER9,val
XLPPVIM4,train
XLX3D9RE,train
XLYFKXD2,train
XM02Z5GN,train
XM4MGIPY,train
XM85TOEY,train
XMA4I55J,train
XMKKXAH3,train
XMX51M88,val
XMXIOECV,test
XN3MOQBT,train
XN62BI04,train
XN6LTIAJ,train
XNIVSG7B,train
XNMJJB47,val
XO09N8XH,test
XOFBT7VR,train
XOFYU233,train
XOHKLXRN,train
XOJ6A94A,val
XOPL097S,train
XOSF5QFV,train
XOVJHA3R,val
XOXRXRED,test
XPBFJJBT,train
XPFIYYXF,val
XPG3N8VW,train
XPS2Y6GT,train
XPXO32ZB,train
XQ4W0ZYT,train
XQ9G3KIF,train
XQMYUJL3,val
XQNAXL3M,train
XQOQ1HYU,train
XQOWF43N,test
XQPT0LJ9,test
XQQKUEOX,val
XQR9Y8QS,train
XR4QTSJN,train
XR5G81BD,train
XR5Q9291,val
XRCASPS2,val
XRE4HKC4,train
XRH1Z84N,train
XRH3PYZN,val
XRMGHDF9,train
XRR2BZC0,train
XRTV4HU8,val
XRXQJPGV,train
XS28EO7L,train
XS40HW13,val
XS6GL39P,train
XSAJZVOG,train
XSFK6BVM,train
XSKQ8ITO,val
XSOXEK54,val
XSPH8DS6,train
XSQX6AW4,train
XSXFN1C8,train
XT079TC3,test
XTAOLGWW,train
XTCOUQR7,train
XTKS2226,train
XTN57OAW,train
XTR1EXUG,train
XU0XQHCO,train
XU6H8O6G,train
XUAQBFT3,train
XUB1NJE8,test
XUCKMOO1,test
XUDRP4ZL,train
XUFWRY6I,train
XUH9M4DL,train
XUK2R9C8,train
XUNPYZCR,test
XUS1CH5L,train
XUVTC7IW,test
XVAL9UY8,train
XVHW6NC7,train
XVHYPP4R,train
XVK17V03,train
XVLR2TYN,train
XVLTN7AQ,train
XVNF2DFN,train
XVNLDSPO,train
XVUKGF57,train
XVYEGF3Z,test
XW97JKMZ,train
XWAJMAUC,val
XWBZAQL2,train
XWD2323R,train
XWFP4JKM,train
XWGSPQXN,test
XWKS9L5P,train
XWNASOAB,train
XWO9244A,train
XWSQ1WKV,train
XWZ6DAM6,train
XX1V4WMD,train
XXCWR0IX,train
XY31H1RV,train
XY8VQKWN,train
XYCQRZQ5,train
XYLS848C,train
XYMT7FYH,train
XYOKY29A,test
XYSSLFWV,val
XYSX54GO,test
XYUPPEQ4,train
XYV23DK8,train
XYZRU6K3,train
XZ1ZSLHO,val
XZ2KVK5H,train
XZ2XCORX,train
XZGXUITT,val
XZW43YJR,val
XZW9GIT0,train
XZXWGQPO,train
Y00MYL76,train
Y01SU3LN,train
Y0TLI5RL,train
Y0XVF4QO,train
Y0ZRYAHN,train
Y137YU24,train
Y13ATF9J,train
Y15Y0XOB,train
Y1AQ00AL,train
Y1DIFW2Z,train
Y1NI9FUS,train
Y1NXZI8X,val
Y1RZDIPU,train
Y1SEP5P6,train
Y1X239EZ,test
Y1YF88ZW,train
Y21OU1QR,val
Y22KWE4Y,val
Y2EST51F,test
Y2FH4WNM,val
Y2G7CWBW,test
Y2IYUVYE,train
Y2ORRPLE,train
Y2RQHLG3,train
Y2WUSKVI,train
Y2XEFB6G,train
Y2YW1MH6,train
Y2ZLPXJL,train
Y31G4994,test
Y34AT0VW,train
Y37YQNZ7,train
Y3BGWVIL,train
Y3E1OFUC,train
Y3OMTB1Q,train
Y3P536NK,train
Y3RY07F0,train
Y3YASRVN,train
Y436SC3J,test
Y46APGEC,train
Y4I5PPRP,test
Y4QA1B9L,train
Y4S0VX2W,train
Y4SCI93Y,val
Y57DZH1R,train
Y5AZPRI5,train
Y5DYKI0W,train
Y5G6XZVF,train
Y5HQZDOK,train
Y5LXGP4H,test
Y5RSKQX9,train
Y5S5W7TP,train
Y61HXY1B,train
Y6649M3N,train
Y66IUIDW,train
Y6F63SPV,test
Y6F7OOW5,train
Y6NDWG23,test
Y6PEXP67,train
Y6QRNQSL,train
Y6SB314G,train
Y6U0TBXY,train
Y6UD21RZ,train
Y6YNV2MN,test
Y7LWZ6KF,train
Y7MTELTN,train
Y7P2ALDN,test
Y7T2DBA6,test
Y7WNVNLZ,train
Y7XH8VUF,train
Y7XRDDK2,train
Y7YCBSZ6,val
Y7YTEZO1,test
Y80IZB4I,train
Y83GUWHP,train
Y85LLBX7,train
Y85ZO6VT,train
Y86926SI,train
Y8HX7IF3,train
Y8J1Y3QS,test
Y8O6RKU2,train
Y8PQ0BT7,test
Y8WQLKHZ,train
Y8YZYY36,train
Y93LLKPK,train
Y94ZTSWM,train
Y9HIZWW1,val
Y9JZW2CC,val
Y9NQEAZW,train
Y9YA5ZG1,train
Y9ZI8XE3,test
YA0ST308,train
YA3FFTB8,train
YA8OY2XV,test
YAE1JMXE,train
YAF1EZJ2,train
YAH676B3,train
YAHVYSIJ,train
YAIWEFQI,train
YALQHF2W,train
YAWZDG9F,train
YB1ETLOX,train
YBD3MAA2,train
YBHPSVK2,train
YBM5BCJ2,train
YBR0KM44,train
YBSWHNHY,val
YC6PBIND,test
YCA164UM,val
YCDUI7UE,test
YCI58WR2,val
YCO7SE6P,train
YCRGEYUX,train
YCTVGF5E,test
YD0P87FO,train
YD4U8CZ8,train
YD8IORKL,train
YDDVP1SB,val
YDO6VRMI,test
YDXJHMMY,val
YDYDPFR1,test
YE0L67RI,train
YE3XBETB,val
YEJROVL3,train
YENLR7O0,train
YEY96G9H,test
YF4FTUOL,val
YFD00A8K,test
YFK817S9,val
YFPZ6X34,train
YFV7DCMA,train
YFW6GEBS,train
YG21GEC3,train
YG8KLIDT,train
YGEE2G4Y,train
YGPMD3RH,train
YGRDQ4LJ,train
YGW45CAZ,test
YGY0896F,train
YGY4IDR4,train
YGZ977NG,train
YGZKKIXK,train
YH60HFX7,val
YHBEY8L9,val
YHC922GA,train
YHCGDDYC,val
YHFGBYY6,train
YHFHVCZ9,train
YHLSU9DC,train
YHSO47ZV,val
YHZLTN0Z,train
YI09OBS7,test
YI5QW237,train
YI8J73ZA,train
YITBO4EH,train
YJ6G592T,train
YJFIKDNW,train
YJFPUF3B,val
YJJ48E7B,train
YJOJ2B05,train
YJQ0FZ6Q,test
YJQLK847,train
YJQNRXYM,train
YJRX7Q53,val
YJSTLJX4,test
YJWP1KKZ,train
YK15F0NK,train
YK5YILZ9,train
YK72TP01,val
YK8X714L,train
YKEGLXJY,train
YKGSR866,train
YKKD6U37,val
YKLSUOQ1,train
YKLV2YAW,train
YKMV0KZ1,train
YKOM5V75,train
YL1Z5HTW,test
YL3R1YUT,train
YL8WKKFX,train
YLH29ESJ,train
YLKKMY72,train
YLNHICY1,train
YLNPQMXP,train
YLTKXW3M,train
YLW0M5LD,train
YM66O6KW,test
YM9P2FSE,test
YMB1CAY6,val
YMEBSR85,test
YMKNU92A,val
YMMC8L16,train
YMRMEDME,train
YMYOVKFO,train
YN1JHJR7,train
YN2QHVF0,train
YNBNQKV4,test
YNEFGANV,train
YNGD9TIZ,train
YNMVD1G7,train
YNPJ9TZH,test
YNTHJEKU,train
YNY7YCNY,train
YNZSUCRI,test
YO0MYUOE,train
YOBLOIB7,train
YOCS5H2Y,train
YOIGANPS,train
YONXWPO1,train
YOOT7OJW,val
YOZ75TT5,test
YP1ZJ195,train
YP7MVWWR,train
YP939M50,train
YPFDQWC6,train
YPKOXV93,train
YPROXDHE,train
YPYVJ0OA,train
YQ04983G,train
YQ08Z4HT,val
YQ0TCNTD,val
YQ3F21SK,train
YQ6DE6NU,test
YQ78L3JO,train
YQBFIPB5,val
YQCPP2TM,train
YQHMPQMM,val
YQQSRGYC,train
YQXLW0A1,train
YR4AJLWL,train
YR5YY01G,test
YREMQJMJ,test
YRGE5VNZ,val
YRJSAZVG,train
YRMC6KSW,train
YRR2WZ3N,train
YS3VO0OJ,train
YSIB1L9A,train
YSIU4N0B,train
YSMNQACP,train
YSOTHNE4,val
YT038WX8,test
YT258AFU,test
YT3P3HJ4,train
YTAF4OIJ,train
YTAVNZBL,val
YTBXQYNX,test
YTYRMJGG,train
YU3W6TOU,test
YU5ZQUUT,val
YU92CZPN,train
YUNTEXM1,train
YUO8ITGG,train
YUOQ6UZE,train
YUQNP594,train
YUU4Z0WS,train
YV1UHNJD,train
YV402XI5,train
YVE1K0UP,train
YVEVBQEM,val
YVGUOI73,train
YVWT48IG,val
YVZ2IE4K,train
YWKN3K9S,train
YWL83M0I,train
YWN58MRR,train
YWPWPFIM,train
YWR2ZFAL,train
YX10ZW71,train
YX12DQJ8,train
YX5E6FEI,train
YXBLNPM7,train
YXD6FJMF,train
YXR5NRNW,train
YXS5OB5X,test
YXTLQWUC,val
YXXDA5HO,train
YXXHGHS0,train
YY1TU54P,train
YY53D8IW,train
YY5PVSPD,train
YY9CTN3P,train
YYBC8DXV,train
YYDUS27F,train
YYHZ16NO,val
YYMNPSQ3,train
YYPZJB0O,test
YYXYFIVJ,val
YZ0ZXKAJ,train
YZ265BYY,test
YZ6K0BGY,train
YZGPMPG6,train
YZL1MS21,train
YZMDLGZ0,train
YZW0AQ5K,train
Z0DY9FQW,test
Z0I531ZJ,train
Z0LPA6HM,train
Z0NKAV0M,train
Z0O7IVIL,val
Z0OBE6YV,train
Z0OKXHTK,val
Z0PTY4X4,train
Z0SM0XLD,train
Z0SZ2BWR,test
Z0THG8P3,train
Z0UAJ8VA,val
Z0WSUMKP,train
Z14K4BDD,train
Z1DSIVKL,train
Z1KRAXD0,train
Z1NS0KXO,test
Z1PK4BQH,val
Z21L0AXO,train
Z2FJ3C7Q,train
Z2M4PH7P,train
Z2W40S2G,test
Z2WRFA6A,test
Z345DGAA,train
Z379FYQV,train
Z37SP2Y5,train
Z39QWFQ6,train
Z3FIVZB4,train
Z3H3F1JD,train
Z3NLE7AI,train
Z3OLV8UI,train
Z3P15498,train
Z3Y3WG7R,test
Z401XNZ0,train
Z40N2Q5O,train
Z42GYBKE,test
Z4A9YHZ1,train
Z4AHLV9T,train
Z4ER6SQ8,train
Z4FFKJEH,train
Z4N6OHCR,test
Z4WGWPQM,val
Z4ZIQCOK,train
Z59GG1RV,test
Z5MMB2QK,train
Z5PVYZBJ,train
Z5SNNWFW,test
Z5YTJO3M,train
Z6DODD84,train
Z6EDBAGJ,train
Z6EFX5OL,train
Z6K1SLXR,train
Z6LBXQFH,train
Z6Q5L5HU,train
Z7109K08,train
Z74GDBVY,train
Z7J9NR2H,train
Z7OHB5VM,train
Z7OKFGOP,val
Z83PEXCR,train
Z88A01XW,test
Z8BJ08WP,train
Z8DEJRF6,train
Z8DOGGKJ,test
Z8JTUMWP,test
Z8R6YX1G,test
Z8STU6OH,train
Z92OIYVT,val
Z943BF4Z,test
Z94UI8GP,train
Z95YXG1K,train
Z9BQEGBT,train
Z9MV6RJ9,train
Z9RDIQXZ,train
Z9RDZQMG,train
Z9SGAZFE,train
ZAADVO93,val
ZAAZLOFW,train
ZADKZWTM,train
ZAFMO1TM,train
ZAGCC4QR,train
ZAJJ4EAN,test
ZALI32CX,train
ZARCCPZV,train
ZAS1UAX1,test
ZAWJTJZR,train
ZB6GNVIL,train
ZBFJ8CYK,train
ZBQ497ZP,train
ZBZH065J,train
ZC4R6B4U,train
ZC5QM1OR,test
ZC63FQIO,train
ZCHWNVT3,train
ZCIAST69,train
ZCN8RWWO,train
ZCOLETM5,train
ZCOZ5W6Y,train
ZCV6CBL0,train
ZCZ08I3K,train
ZD7QHHU0,train
ZDBKRLDZ,train
ZDFJXQJ4,train
ZDGPL817,train
ZDSTTHMA,val
ZDUO6IGG,train
ZE1YCRTY,train
ZEAIJDN1,test
ZECGNAY3,train
ZEF757L5,test
ZEJWM2NE,val
ZEMQQAHP,test
ZEUFB8K4,test
ZEV2UAM2,test
ZEX3RGG9,train
ZEYDWYOH,val
ZF0RBEJR,val
ZF8RRKM6,train
ZFDWQ2U6,train
ZFEPICFY,train
ZFL2WDJ0,test
ZFPC6AHN,train
ZFPIUYSE,train
ZFWZYMNE,train
ZFYH4INN,train
ZG363LFB,val
ZG9EY9G8,val
ZGBV8Q6F,train
ZGOOBBN9,train
ZGP7DA6C,train
ZHBMBCHL,train
ZHE0Y956,train
ZI0K1SQU,train
ZI5ON3J3,train
ZI6A8PBA,test
ZI6JV5IO,test
ZI83YIS9,test
ZIAYHKYQ,train
ZIC76H9U,train
ZIPJVHYZ,train
ZIQKEDR1,train
ZIS7IB3X,train
ZJ2BI2NV,train
ZJ7OX2WI,train
ZJ8B4O50,train
ZJB0AS14,train
ZJP9OLXH,train
ZJQ5TDJN,train
ZJV00CO8,test
ZK1L3CSZ,train
ZK397WFV,val
ZK3S5U50,train
ZK5WAHU9,train
ZK91BIY8,train
ZKD5UOBV,val
ZKRJ4UNQ,train
ZKURTNG4,val
ZLB6T9US,val
ZLI9UXWY,train
ZLIJCE73,train
ZLRO8XCE,train
ZLVY7M0V,train
ZLY42ZR9,test
ZM0ST0GE,train
ZMGFGCGW,val
ZMK5GCX1,val
ZMNX7JQP,train
ZMZT2ZHM,train
ZN0E1S18,test
ZN1X92KQ,val
ZN6T6R3K,train
ZN7U75H2,train
ZNB9EKQH,test
ZNCFI833,test
ZNJINOPJ,train
ZNLW6TUV,test
ZNM05674,test
ZNSSWHHF,train
ZO1B6Q8W,train
ZO6LPGBN,train
ZOFJNFS0,train
ZOLHJP23,train
ZOVC6YE8,train
ZOZX0VYU,train
ZPMI6D8R,test
ZPQ0FCEV,train
ZPUVQLS1,train
ZPVSIFXJ,train
ZQ30Q1VN,val
ZQ4W50IX,train
ZQ61GZE6,train
ZQE6LDOR,test
ZQEJIW9G,train
ZQEJLQJ6,train
ZQIENEVQ,train
ZQMAHUWX,train
ZQMGFYWR,train
ZQMHH2ZZ,test
ZQMVIWCE,train
ZQQ1CPUQ,train
ZR0DPWJC,train
ZR5J41GP,train
ZR7SPJ3F,train
ZR8M04KB,test
ZR9A08QH,train
ZR9YX0GN,train
ZRCW0EEE,train
ZRFXEOI2,train
ZRHIDJDG,train
ZRHZ8ZIX,train
ZRO6XU62,test
ZS30AMTJ,train
ZS40ESC8,val
ZS798D5O,train
ZS7TZ2G3,train
ZSBFMF5S,test
ZSDFYLPJ,train
ZSKVFXVQ,train
ZT88PN6Y,train
ZTBVJIX9,train
ZTGIV95M,train
ZTJK0ODJ,train
ZTWBMLQT,train
ZTZH87OR,train
ZU3PQX39,train
ZU44VLI2,train
ZU5BRBO4,train
ZU5CMERT,train
ZU62XZ3G,train
ZU8DG00Z,train
ZUGZ13LO,val
ZUWYEO19,test
ZUWYGZL0,train
ZV59PEBB,train
ZV6CC8OO,train
ZVA6EB4H,train
ZVB33JXS,val
ZVE9K97J,train
ZVO0HT0H,val
ZVUZJBOY,train
ZVZQRP3G,train
ZW1ZBF2D,train
ZW5KMTOO,train
ZWCIF3CK,train
ZWEP2IL4,train
ZWIN34K9,train
ZWKIYOEI,val
ZWRG9GEF,train
ZWVVB72A,train
ZX2XDH31,test
ZX36B8TK,train
ZX40SJ2R,train
ZX891G30,train
ZXCPO6XG,train
ZXHX29G8,test
ZXK6NAH7,test
ZXQF4SZA,train
ZXZ3VAPM,train
ZYGR4488,train
ZYKAGZJI,val
ZYMN4K7Z,test
ZYN678V4,train
ZYPAMCOX,train
ZZCAE6I7,val
ZZJL8RZU,train
ZZOTCL9J,train
ZZROFD7W,train
ZZVTM2M0,train
